--------------------------------------------------
-----Marvellous Patform Surrvillance System -----
Lof file gets created at : 2026-07-28_23-41-25
--------------------------------------------------

-------------------System Report ---------------------
Number of active cpu cores : 6 %
CPU Usage: 5.8 
--------------------------------------------------
RAM Usage: 46.3 %
Total RAM Available : 7171186688 
--------------------------------------------------
Disk Usage of all partition 
/ -> 41.6 % used /n/boot/efi -> 21.3 % used /n/snap/bare/5 -> 100.0 % used /n/snap/code/252 -> 100.0 % used /n/snap/code/253 -> 100.0 % used /n/snap/core18/2999 -> 100.0 % used /n/snap/core20/2866 -> 100.0 % used /n/snap/core24/1587 -> 100.0 % used /n/snap/core24/1643 -> 100.0 % used /n/snap/firefox/8107 -> 100.0 % used /n/snap/desktop-security-center/150 -> 100.0 % used /n/snap/desktop-security-center/151 -> 100.0 % used /n/snap/firmware-updater/226 -> 100.0 % used /n/snap/gtk-common-themes/1535 -> 100.0 % used /n/snap/snapd-desktop-integration/391 -> 100.0 % used /n/snap/prompting-client/222 -> 100.0 % used /n/snap/snapd/26865 -> 100.0 % used /n/snap/mesa-2404/1165 -> 100.0 % used /n/snap/gnome-46-2404/153 -> 100.0 % used /n/snap/mesa-2404/1839 -> 100.0 % used /n/snap/prompting-client/204 -> 100.0 % used /n/snap/snap-store/1367 -> 100.0 % used /n/snap/snapd-desktop-integration/361 -> 100.0 % used /n/snap/snapd/27406 -> 100.0 % used /n/run/media/prajwal-pradeep-kadam/OS -> 53.2 % used /n--------------------------------------------------
Network Usage report 
Send : 137911576.00 MB
Recive : 13623788545.00 MB

--------------------------------------------------
{'username': 'root', 'pid': 1, 'name': 'systemd', 'status': 'sleeping', 'cpu_percent': 0.0, 'memory_percent': 0.16415559254228693} 
pId : 1
Name : systemd
username : root
user name : root
Status : sleeping
CPU Usage : 0.00 
RAM Usage : 0.16 
--------------------------------------------------
{'username': 'root', 'pid': 2, 'name': 'kthreadd', 'status': 'sleeping', 'cpu_percent': 0.0, 'memory_percent': 0.0} 
pId : 2
Name : kthreadd
username : root
user name : root
Status : sleeping
CPU Usage : 0.00 
RAM Usage : 0.00 
--------------------------------------------------
{'username': 'root', 'pid': 3, 'name': 'pool_workqueue_release', 'status': 'sleeping', 'cpu_percent': 0.0, 'memory_percent': 0.0} 
pId : 3
Name : pool_workqueue_release
username : root
user name : root
Status : sleeping
CPU Usage : 0.00 
RAM Usage : 0.00 
--------------------------------------------------
{'username': 'root', 'pid': 4, 'name': 'kworker/R-rcu_gp', 'status': 'idle', 'cpu_percent': 0.0, 'memory_percent': 0.0} 
pId : 4
Name : kworker/R-rcu_gp
username : root
user name : root
Status : idle
CPU Usage : 0.00 
RAM Usage : 0.00 
--------------------------------------------------
{'username': 'root', 'pid': 5, 'name': 'kworker/R-sync_wq', 'status': 'idle', 'cpu_percent': 0.0, 'memory_percent': 0.0} 
pId : 5
Name : kworker/R-sync_wq
username : root
user name : root
Status : idle
CPU Usage : 0.00 
RAM Usage : 0.00 
--------------------------------------------------
{'username': 'root', 'pid': 6, 'name': 'kworker/R-kvfree_rcu_reclaim', 'status': 'idle', 'cpu_percent': 0.0, 'memory_percent': 0.0} 
pId : 6
Name : kworker/R-kvfree_rcu_reclaim
username : root
user name : root
Status : idle
CPU Usage : 0.00 
RAM Usage : 0.00 
--------------------------------------------------
{'username': 'root', 'pid': 7, 'name': 'kworker/R-slub_flushwq', 'status': 'idle', 'cpu_percent': 0.0, 'memory_percent': 0.0} 
pId : 7
Name : kworker/R-slub_flushwq
username : root
user name : root
Status : idle
CPU Usage : 0.00 
RAM Usage : 0.00 
--------------------------------------------------
{'username': 'root', 'pid': 8, 'name': 'kworker/R-netns', 'status': 'idle', 'cpu_percent': 0.0, 'memory_percent': 0.0} 
pId : 8
Name : kworker/R-netns
username : root
user name : root
Status : idle
CPU Usage : 0.00 
RAM Usage : 0.00 
--------------------------------------------------
{'username': 'root', 'pid': 10, 'name': 'kworker/0:0H-kblockd', 'status': 'idle', 'cpu_percent': 0.0, 'memory_percent': 0.0} 
pId : 10
Name : kworker/0:0H-kblockd
username : root
user name : root
Status : idle
CPU Usage : 0.00 
RAM Usage : 0.00 
--------------------------------------------------
{'username': 'root', 'pid': 13, 'name': 'kworker/R-mm_percpu_wq', 'status': 'idle', 'cpu_percent': 0.0, 'memory_percent': 0.0} 
pId : 13
Name : kworker/R-mm_percpu_wq
username : root
user name : root
Status : idle
CPU Usage : 0.00 
RAM Usage : 0.00 
--------------------------------------------------
{'username': 'root', 'pid': 14, 'name': 'ksoftirqd/0', 'status': 'sleeping', 'cpu_percent': 0.0, 'memory_percent': 0.0} 
pId : 14
Name : ksoftirqd/0
username : root
user name : root
Status : sleeping
CPU Usage : 0.00 
RAM Usage : 0.00 
--------------------------------------------------
{'username': 'root', 'pid': 15, 'name': 'rcu_preempt', 'status': 'idle', 'cpu_percent': 0.0, 'memory_percent': 0.0} 
pId : 15
Name : rcu_preempt
username : root
user name : root
Status : idle
CPU Usage : 0.00 
RAM Usage : 0.00 
--------------------------------------------------
{'username': 'root', 'pid': 16, 'name': 'rcu_exp_par_gp_kthread_worker/0', 'status': 'sleeping', 'cpu_percent': 0.0, 'memory_percent': 0.0} 
pId : 16
Name : rcu_exp_par_gp_kthread_worker/0
username : root
user name : root
Status : sleeping
CPU Usage : 0.00 
RAM Usage : 0.00 
--------------------------------------------------
{'username': 'root', 'pid': 17, 'name': 'rcu_exp_gp_kthread_worker', 'status': 'sleeping', 'cpu_percent': 0.0, 'memory_percent': 0.0} 
pId : 17
Name : rcu_exp_gp_kthread_worker
username : root
user name : root
Status : sleeping
CPU Usage : 0.00 
RAM Usage : 0.00 
--------------------------------------------------
{'username': 'root', 'pid': 18, 'name': 'migration/0', 'status': 'sleeping', 'cpu_percent': 0.0, 'memory_percent': 0.0} 
pId : 18
Name : migration/0
username : root
user name : root
Status : sleeping
CPU Usage : 0.00 
RAM Usage : 0.00 
--------------------------------------------------
{'username': 'root', 'pid': 19, 'name': 'kprobe-optimizer', 'status': 'sleeping', 'cpu_percent': 0.0, 'memory_percent': 0.0} 
pId : 19
Name : kprobe-optimizer
username : root
user name : root
Status : sleeping
CPU Usage : 0.00 
RAM Usage : 0.00 
--------------------------------------------------
{'username': 'root', 'pid': 20, 'name': 'idle_inject/0', 'status': 'sleeping', 'cpu_percent': 0.0, 'memory_percent': 0.0} 
pId : 20
Name : idle_inject/0
username : root
user name : root
Status : sleeping
CPU Usage : 0.00 
RAM Usage : 0.00 
--------------------------------------------------
{'username': 'root', 'pid': 21, 'name': 'cpuhp/0', 'status': 'sleeping', 'cpu_percent': 0.0, 'memory_percent': 0.0} 
pId : 21
Name : cpuhp/0
username : root
user name : root
Status : sleeping
CPU Usage : 0.00 
RAM Usage : 0.00 
--------------------------------------------------
{'username': 'root', 'pid': 22, 'name': 'cpuhp/1', 'status': 'sleeping', 'cpu_percent': 0.0, 'memory_percent': 0.0} 
pId : 22
Name : cpuhp/1
username : root
user name : root
Status : sleeping
CPU Usage : 0.00 
RAM Usage : 0.00 
--------------------------------------------------
{'username': 'root', 'pid': 23, 'name': 'idle_inject/1', 'status': 'sleeping', 'cpu_percent': 0.0, 'memory_percent': 0.0} 
pId : 23
Name : idle_inject/1
username : root
user name : root
Status : sleeping
CPU Usage : 0.00 
RAM Usage : 0.00 
--------------------------------------------------
{'username': 'root', 'pid': 24, 'name': 'migration/1', 'status': 'sleeping', 'cpu_percent': 0.0, 'memory_percent': 0.0} 
pId : 24
Name : migration/1
username : root
user name : root
Status : sleeping
CPU Usage : 0.00 
RAM Usage : 0.00 
--------------------------------------------------
{'username': 'root', 'pid': 25, 'name': 'ksoftirqd/1', 'status': 'sleeping', 'cpu_percent': 0.0, 'memory_percent': 0.0} 
pId : 25
Name : ksoftirqd/1
username : root
user name : root
Status : sleeping
CPU Usage : 0.00 
RAM Usage : 0.00 
--------------------------------------------------
{'username': 'root', 'pid': 27, 'name': 'kworker/1:0H-kblockd', 'status': 'idle', 'cpu_percent': 0.0, 'memory_percent': 0.0} 
pId : 27
Name : kworker/1:0H-kblockd
username : root
user name : root
Status : idle
CPU Usage : 0.00 
RAM Usage : 0.00 
--------------------------------------------------
{'username': 'root', 'pid': 28, 'name': 'cpuhp/2', 'status': 'sleeping', 'cpu_percent': 0.0, 'memory_percent': 0.0} 
pId : 28
Name : cpuhp/2
username : root
user name : root
Status : sleeping
CPU Usage : 0.00 
RAM Usage : 0.00 
--------------------------------------------------
{'username': 'root', 'pid': 29, 'name': 'idle_inject/2', 'status': 'sleeping', 'cpu_percent': 0.0, 'memory_percent': 0.0} 
pId : 29
Name : idle_inject/2
username : root
user name : root
Status : sleeping
CPU Usage : 0.00 
RAM Usage : 0.00 
--------------------------------------------------
{'username': 'root', 'pid': 30, 'name': 'migration/2', 'status': 'sleeping', 'cpu_percent': 0.0, 'memory_percent': 0.0} 
pId : 30
Name : migration/2
username : root
user name : root
Status : sleeping
CPU Usage : 0.00 
RAM Usage : 0.00 
--------------------------------------------------
{'username': 'root', 'pid': 31, 'name': 'ksoftirqd/2', 'status': 'sleeping', 'cpu_percent': 0.0, 'memory_percent': 0.0} 
pId : 31
Name : ksoftirqd/2
username : root
user name : root
Status : sleeping
CPU Usage : 0.00 
RAM Usage : 0.00 
--------------------------------------------------
{'username': 'root', 'pid': 33, 'name': 'kworker/2:0H-kblockd', 'status': 'idle', 'cpu_percent': 0.0, 'memory_percent': 0.0} 
pId : 33
Name : kworker/2:0H-kblockd
username : root
user name : root
Status : idle
CPU Usage : 0.00 
RAM Usage : 0.00 
--------------------------------------------------
{'username': 'root', 'pid': 34, 'name': 'cpuhp/3', 'status': 'sleeping', 'cpu_percent': 0.0, 'memory_percent': 0.0} 
pId : 34
Name : cpuhp/3
username : root
user name : root
Status : sleeping
CPU Usage : 0.00 
RAM Usage : 0.00 
--------------------------------------------------
{'username': 'root', 'pid': 35, 'name': 'idle_inject/3', 'status': 'sleeping', 'cpu_percent': 0.0, 'memory_percent': 0.0} 
pId : 35
Name : idle_inject/3
username : root
user name : root
Status : sleeping
CPU Usage : 0.00 
RAM Usage : 0.00 
--------------------------------------------------
{'username': 'root', 'pid': 36, 'name': 'migration/3', 'status': 'sleeping', 'cpu_percent': 0.0, 'memory_percent': 0.0} 
pId : 36
Name : migration/3
username : root
user name : root
Status : sleeping
CPU Usage : 0.00 
RAM Usage : 0.00 
--------------------------------------------------
{'username': 'root', 'pid': 37, 'name': 'ksoftirqd/3', 'status': 'sleeping', 'cpu_percent': 0.0, 'memory_percent': 0.0} 
pId : 37
Name : ksoftirqd/3
username : root
user name : root
Status : sleeping
CPU Usage : 0.00 
RAM Usage : 0.00 
--------------------------------------------------
{'username': 'root', 'pid': 39, 'name': 'kworker/3:0H-kblockd', 'status': 'idle', 'cpu_percent': 0.0, 'memory_percent': 0.0} 
pId : 39
Name : kworker/3:0H-kblockd
username : root
user name : root
Status : idle
CPU Usage : 0.00 
RAM Usage : 0.00 
--------------------------------------------------
{'username': 'root', 'pid': 40, 'name': 'cpuhp/4', 'status': 'sleeping', 'cpu_percent': 0.0, 'memory_percent': 0.0} 
pId : 40
Name : cpuhp/4
username : root
user name : root
Status : sleeping
CPU Usage : 0.00 
RAM Usage : 0.00 
--------------------------------------------------
{'username': 'root', 'pid': 41, 'name': 'idle_inject/4', 'status': 'sleeping', 'cpu_percent': 0.0, 'memory_percent': 0.0} 
pId : 41
Name : idle_inject/4
username : root
user name : root
Status : sleeping
CPU Usage : 0.00 
RAM Usage : 0.00 
--------------------------------------------------
{'username': 'root', 'pid': 42, 'name': 'migration/4', 'status': 'sleeping', 'cpu_percent': 0.0, 'memory_percent': 0.0} 
pId : 42
Name : migration/4
username : root
user name : root
Status : sleeping
CPU Usage : 0.00 
RAM Usage : 0.00 
--------------------------------------------------
{'username': 'root', 'pid': 43, 'name': 'ksoftirqd/4', 'status': 'sleeping', 'cpu_percent': 0.0, 'memory_percent': 0.0} 
pId : 43
Name : ksoftirqd/4
username : root
user name : root
Status : sleeping
CPU Usage : 0.00 
RAM Usage : 0.00 
--------------------------------------------------
{'username': 'root', 'pid': 45, 'name': 'kworker/4:0H-kblockd', 'status': 'idle', 'cpu_percent': 0.0, 'memory_percent': 0.0} 
pId : 45
Name : kworker/4:0H-kblockd
username : root
user name : root
Status : idle
CPU Usage : 0.00 
RAM Usage : 0.00 
--------------------------------------------------
{'username': 'root', 'pid': 46, 'name': 'cpuhp/5', 'status': 'sleeping', 'cpu_percent': 0.0, 'memory_percent': 0.0} 
pId : 46
Name : cpuhp/5
username : root
user name : root
Status : sleeping
CPU Usage : 0.00 
RAM Usage : 0.00 
--------------------------------------------------
{'username': 'root', 'pid': 47, 'name': 'idle_inject/5', 'status': 'sleeping', 'cpu_percent': 0.0, 'memory_percent': 0.0} 
pId : 47
Name : idle_inject/5
username : root
user name : root
Status : sleeping
CPU Usage : 0.00 
RAM Usage : 0.00 
--------------------------------------------------
{'username': 'root', 'pid': 48, 'name': 'migration/5', 'status': 'sleeping', 'cpu_percent': 0.0, 'memory_percent': 0.0} 
pId : 48
Name : migration/5
username : root
user name : root
Status : sleeping
CPU Usage : 0.00 
RAM Usage : 0.00 
--------------------------------------------------
{'username': 'root', 'pid': 49, 'name': 'ksoftirqd/5', 'status': 'sleeping', 'cpu_percent': 0.0, 'memory_percent': 0.0} 
pId : 49
Name : ksoftirqd/5
username : root
user name : root
Status : sleeping
CPU Usage : 0.00 
RAM Usage : 0.00 
--------------------------------------------------
{'username': 'root', 'pid': 51, 'name': 'kworker/5:0H-kblockd', 'status': 'idle', 'cpu_percent': 0.0, 'memory_percent': 0.0} 
pId : 51
Name : kworker/5:0H-kblockd
username : root
user name : root
Status : idle
CPU Usage : 0.00 
RAM Usage : 0.00 
--------------------------------------------------
{'username': 'root', 'pid': 54, 'name': 'kdevtmpfs', 'status': 'sleeping', 'cpu_percent': 0.0, 'memory_percent': 0.0} 
pId : 54
Name : kdevtmpfs
username : root
user name : root
Status : sleeping
CPU Usage : 0.00 
RAM Usage : 0.00 
--------------------------------------------------
{'username': 'root', 'pid': 55, 'name': 'kworker/R-inet_frag_wq', 'status': 'idle', 'cpu_percent': 0.0, 'memory_percent': 0.0} 
pId : 55
Name : kworker/R-inet_frag_wq
username : root
user name : root
Status : idle
CPU Usage : 0.00 
RAM Usage : 0.00 
--------------------------------------------------
{'username': 'root', 'pid': 56, 'name': 'rcu_tasks_kthread', 'status': 'idle', 'cpu_percent': 0.0, 'memory_percent': 0.0} 
pId : 56
Name : rcu_tasks_kthread
username : root
user name : root
Status : idle
CPU Usage : 0.00 
RAM Usage : 0.00 
--------------------------------------------------
{'username': 'root', 'pid': 57, 'name': 'rcu_tasks_rude_kthread', 'status': 'idle', 'cpu_percent': 0.0, 'memory_percent': 0.0} 
pId : 57
Name : rcu_tasks_rude_kthread
username : root
user name : root
Status : idle
CPU Usage : 0.00 
RAM Usage : 0.00 
--------------------------------------------------
{'username': 'root', 'pid': 58, 'name': 'kauditd', 'status': 'sleeping', 'cpu_percent': 0.0, 'memory_percent': 0.0} 
pId : 58
Name : kauditd
username : root
user name : root
Status : sleeping
CPU Usage : 0.00 
RAM Usage : 0.00 
--------------------------------------------------
{'username': 'root', 'pid': 59, 'name': 'khungtaskd', 'status': 'sleeping', 'cpu_percent': 0.0, 'memory_percent': 0.0} 
pId : 59
Name : khungtaskd
username : root
user name : root
Status : sleeping
CPU Usage : 0.00 
RAM Usage : 0.00 
--------------------------------------------------
{'username': 'root', 'pid': 60, 'name': 'oom_reaper', 'status': 'sleeping', 'cpu_percent': 0.0, 'memory_percent': 0.0} 
pId : 60
Name : oom_reaper
username : root
user name : root
Status : sleeping
CPU Usage : 0.00 
RAM Usage : 0.00 
--------------------------------------------------
{'username': 'root', 'pid': 63, 'name': 'kworker/R-writeback', 'status': 'idle', 'cpu_percent': 0.0, 'memory_percent': 0.0} 
pId : 63
Name : kworker/R-writeback
username : root
user name : root
Status : idle
CPU Usage : 0.00 
RAM Usage : 0.00 
--------------------------------------------------
{'username': 'root', 'pid': 64, 'name': 'kcompactd0', 'status': 'sleeping', 'cpu_percent': 0.0, 'memory_percent': 0.0} 
pId : 64
Name : kcompactd0
username : root
user name : root
Status : sleeping
CPU Usage : 0.00 
RAM Usage : 0.00 
--------------------------------------------------
{'username': 'root', 'pid': 65, 'name': 'ksmd', 'status': 'sleeping', 'cpu_percent': 0.0, 'memory_percent': 0.0} 
pId : 65
Name : ksmd
username : root
user name : root
Status : sleeping
CPU Usage : 0.00 
RAM Usage : 0.00 
--------------------------------------------------
{'username': 'root', 'pid': 66, 'name': 'khugepaged', 'status': 'sleeping', 'cpu_percent': 0.0, 'memory_percent': 0.0} 
pId : 66
Name : khugepaged
username : root
user name : root
Status : sleeping
CPU Usage : 0.00 
RAM Usage : 0.00 
--------------------------------------------------
{'username': 'root', 'pid': 67, 'name': 'kworker/R-kblockd', 'status': 'idle', 'cpu_percent': 0.0, 'memory_percent': 0.0} 
pId : 67
Name : kworker/R-kblockd
username : root
user name : root
Status : idle
CPU Usage : 0.00 
RAM Usage : 0.00 
--------------------------------------------------
{'username': 'root', 'pid': 68, 'name': 'kworker/R-blkcg_punt_bio', 'status': 'idle', 'cpu_percent': 0.0, 'memory_percent': 0.0} 
pId : 68
Name : kworker/R-blkcg_punt_bio
username : root
user name : root
Status : idle
CPU Usage : 0.00 
RAM Usage : 0.00 
--------------------------------------------------
{'username': 'root', 'pid': 69, 'name': 'kworker/R-kintegrityd', 'status': 'idle', 'cpu_percent': 0.0, 'memory_percent': 0.0} 
pId : 69
Name : kworker/R-kintegrityd
username : root
user name : root
Status : idle
CPU Usage : 0.00 
RAM Usage : 0.00 
--------------------------------------------------
{'username': 'root', 'pid': 70, 'name': 'irq/9-acpi', 'status': 'sleeping', 'cpu_percent': 0.0, 'memory_percent': 0.0} 
pId : 70
Name : irq/9-acpi
username : root
user name : root
Status : sleeping
CPU Usage : 0.00 
RAM Usage : 0.00 
--------------------------------------------------
{'username': 'root', 'pid': 74, 'name': 'kworker/R-tpm_dev_wq', 'status': 'idle', 'cpu_percent': 0.0, 'memory_percent': 0.0} 
pId : 74
Name : kworker/R-tpm_dev_wq
username : root
user name : root
Status : idle
CPU Usage : 0.00 
RAM Usage : 0.00 
--------------------------------------------------
{'username': 'root', 'pid': 75, 'name': 'kworker/R-ata_sff', 'status': 'idle', 'cpu_percent': 0.0, 'memory_percent': 0.0} 
pId : 75
Name : kworker/R-ata_sff
username : root
user name : root
Status : idle
CPU Usage : 0.00 
RAM Usage : 0.00 
--------------------------------------------------
{'username': 'root', 'pid': 76, 'name': 'kworker/R-md_bitmap', 'status': 'idle', 'cpu_percent': 0.0, 'memory_percent': 0.0} 
pId : 76
Name : kworker/R-md_bitmap
username : root
user name : root
Status : idle
CPU Usage : 0.00 
RAM Usage : 0.00 
--------------------------------------------------
{'username': 'root', 'pid': 77, 'name': 'kworker/R-md_llbitmap_io', 'status': 'idle', 'cpu_percent': 0.0, 'memory_percent': 0.0} 
pId : 77
Name : kworker/R-md_llbitmap_io
username : root
user name : root
Status : idle
CPU Usage : 0.00 
RAM Usage : 0.00 
--------------------------------------------------
{'username': 'root', 'pid': 78, 'name': 'kworker/R-md_llbitmap_unplug', 'status': 'idle', 'cpu_percent': 0.0, 'memory_percent': 0.0} 
pId : 78
Name : kworker/R-md_llbitmap_unplug
username : root
user name : root
Status : idle
CPU Usage : 0.00 
RAM Usage : 0.00 
--------------------------------------------------
{'username': 'root', 'pid': 79, 'name': 'kworker/R-md', 'status': 'idle', 'cpu_percent': 0.0, 'memory_percent': 0.0} 
pId : 79
Name : kworker/R-md
username : root
user name : root
Status : idle
CPU Usage : 0.00 
RAM Usage : 0.00 
--------------------------------------------------
{'username': 'root', 'pid': 80, 'name': 'kworker/R-edac-poller', 'status': 'idle', 'cpu_percent': 0.0, 'memory_percent': 0.0} 
pId : 80
Name : kworker/R-edac-poller
username : root
user name : root
Status : idle
CPU Usage : 0.00 
RAM Usage : 0.00 
--------------------------------------------------
{'username': 'root', 'pid': 82, 'name': 'kworker/R-devfreq_wq', 'status': 'idle', 'cpu_percent': 0.0, 'memory_percent': 0.0} 
pId : 82
Name : kworker/R-devfreq_wq
username : root
user name : root
Status : idle
CPU Usage : 0.00 
RAM Usage : 0.00 
--------------------------------------------------
{'username': 'root', 'pid': 83, 'name': 'watchdogd', 'status': 'sleeping', 'cpu_percent': 0.0, 'memory_percent': 0.0} 
pId : 83
Name : watchdogd
username : root
user name : root
Status : sleeping
CPU Usage : 0.00 
RAM Usage : 0.00 
--------------------------------------------------
{'username': 'root', 'pid': 85, 'name': 'kworker/R-quota_events_unbound', 'status': 'idle', 'cpu_percent': 0.0, 'memory_percent': 0.0} 
pId : 85
Name : kworker/R-quota_events_unbound
username : root
user name : root
Status : idle
CPU Usage : 0.00 
RAM Usage : 0.00 
--------------------------------------------------
{'username': 'root', 'pid': 86, 'name': 'irq/25-AMD-Vi0-Evt', 'status': 'sleeping', 'cpu_percent': 0.0, 'memory_percent': 0.0} 
pId : 86
Name : irq/25-AMD-Vi0-Evt
username : root
user name : root
Status : sleeping
CPU Usage : 0.00 
RAM Usage : 0.00 
--------------------------------------------------
{'username': 'root', 'pid': 87, 'name': 'irq/26-AMD-Vi0-PPR', 'status': 'sleeping', 'cpu_percent': 0.0, 'memory_percent': 0.0} 
pId : 87
Name : irq/26-AMD-Vi0-PPR
username : root
user name : root
Status : sleeping
CPU Usage : 0.00 
RAM Usage : 0.00 
--------------------------------------------------
{'username': 'root', 'pid': 88, 'name': 'irq/27-AMD-Vi0-GA', 'status': 'sleeping', 'cpu_percent': 0.0, 'memory_percent': 0.0} 
pId : 88
Name : irq/27-AMD-Vi0-GA
username : root
user name : root
Status : sleeping
CPU Usage : 0.00 
RAM Usage : 0.00 
--------------------------------------------------
{'username': 'root', 'pid': 90, 'name': 'kswapd0', 'status': 'sleeping', 'cpu_percent': 0.0, 'memory_percent': 0.0} 
pId : 90
Name : kswapd0
username : root
user name : root
Status : sleeping
CPU Usage : 0.00 
RAM Usage : 0.00 
--------------------------------------------------
{'username': 'root', 'pid': 91, 'name': 'ecryptfs-kthread', 'status': 'sleeping', 'cpu_percent': 0.0, 'memory_percent': 0.0} 
pId : 91
Name : ecryptfs-kthread
username : root
user name : root
Status : sleeping
CPU Usage : 0.00 
RAM Usage : 0.00 
--------------------------------------------------
{'username': 'root', 'pid': 92, 'name': 'kworker/R-kthrotld', 'status': 'idle', 'cpu_percent': 0.0, 'memory_percent': 0.0} 
pId : 92
Name : kworker/R-kthrotld
username : root
user name : root
Status : idle
CPU Usage : 0.00 
RAM Usage : 0.00 
--------------------------------------------------
{'username': 'root', 'pid': 93, 'name': 'kworker/u27:0-hci0', 'status': 'idle', 'cpu_percent': 0.0, 'memory_percent': 0.0} 
pId : 93
Name : kworker/u27:0-hci0
username : root
user name : root
Status : idle
CPU Usage : 0.00 
RAM Usage : 0.00 
--------------------------------------------------
{'username': 'root', 'pid': 94, 'name': 'irq/36-pciehp', 'status': 'sleeping', 'cpu_percent': 0.0, 'memory_percent': 0.0} 
pId : 94
Name : irq/36-pciehp
username : root
user name : root
Status : sleeping
CPU Usage : 0.00 
RAM Usage : 0.00 
--------------------------------------------------
{'username': 'root', 'pid': 95, 'name': 'kworker/R-acpi_thermal_pm', 'status': 'idle', 'cpu_percent': 0.0, 'memory_percent': 0.0} 
pId : 95
Name : kworker/R-acpi_thermal_pm
username : root
user name : root
Status : idle
CPU Usage : 0.00 
RAM Usage : 0.00 
--------------------------------------------------
{'username': 'root', 'pid': 98, 'name': 'kworker/R-mld', 'status': 'idle', 'cpu_percent': 0.0, 'memory_percent': 0.0} 
pId : 98
Name : kworker/R-mld
username : root
user name : root
Status : idle
CPU Usage : 0.00 
RAM Usage : 0.00 
--------------------------------------------------
{'username': 'root', 'pid': 99, 'name': 'kworker/R-ipv6_addrconf', 'status': 'idle', 'cpu_percent': 0.0, 'memory_percent': 0.0} 
pId : 99
Name : kworker/R-ipv6_addrconf
username : root
user name : root
Status : idle
CPU Usage : 0.00 
RAM Usage : 0.00 
--------------------------------------------------
{'username': 'root', 'pid': 100, 'name': 'kworker/R-kstrp', 'status': 'idle', 'cpu_percent': 0.0, 'memory_percent': 0.0} 
pId : 100
Name : kworker/R-kstrp
username : root
user name : root
Status : idle
CPU Usage : 0.00 
RAM Usage : 0.00 
--------------------------------------------------
{'username': 'root', 'pid': 120, 'name': 'kworker/R-charger_manager', 'status': 'idle', 'cpu_percent': 0.0, 'memory_percent': 0.0} 
pId : 120
Name : kworker/R-charger_manager
username : root
user name : root
Status : idle
CPU Usage : 0.00 
RAM Usage : 0.00 
--------------------------------------------------
{'username': 'root', 'pid': 121, 'name': 'irq/28-ACPI:Event', 'status': 'sleeping', 'cpu_percent': 0.0, 'memory_percent': 0.0} 
pId : 121
Name : irq/28-ACPI:Event
username : root
user name : root
Status : sleeping
CPU Usage : 0.00 
RAM Usage : 0.00 
--------------------------------------------------
{'username': 'root', 'pid': 122, 'name': 'irq/29-ACPI:Event', 'status': 'sleeping', 'cpu_percent': 0.0, 'memory_percent': 0.0} 
pId : 122
Name : irq/29-ACPI:Event
username : root
user name : root
Status : sleeping
CPU Usage : 0.00 
RAM Usage : 0.00 
--------------------------------------------------
{'username': 'root', 'pid': 123, 'name': 'irq/30-ACPI:Event', 'status': 'sleeping', 'cpu_percent': 0.0, 'memory_percent': 0.0} 
pId : 123
Name : irq/30-ACPI:Event
username : root
user name : root
Status : sleeping
CPU Usage : 0.00 
RAM Usage : 0.00 
--------------------------------------------------
{'username': 'root', 'pid': 124, 'name': 'irq/31-ACPI:Event', 'status': 'sleeping', 'cpu_percent': 0.0, 'memory_percent': 0.0} 
pId : 124
Name : irq/31-ACPI:Event
username : root
user name : root
Status : sleeping
CPU Usage : 0.00 
RAM Usage : 0.00 
--------------------------------------------------
{'username': 'root', 'pid': 125, 'name': 'irq/32-ACPI:Event', 'status': 'sleeping', 'cpu_percent': 0.0, 'memory_percent': 0.0} 
pId : 125
Name : irq/32-ACPI:Event
username : root
user name : root
Status : sleeping
CPU Usage : 0.00 
RAM Usage : 0.00 
--------------------------------------------------
{'username': 'root', 'pid': 126, 'name': 'irq/33-ACPI:Event', 'status': 'sleeping', 'cpu_percent': 0.0, 'memory_percent': 0.0} 
pId : 126
Name : irq/33-ACPI:Event
username : root
user name : root
Status : sleeping
CPU Usage : 0.00 
RAM Usage : 0.00 
--------------------------------------------------
{'username': 'root', 'pid': 127, 'name': 'irq/34-ACPI:Event', 'status': 'sleeping', 'cpu_percent': 0.0, 'memory_percent': 0.0} 
pId : 127
Name : irq/34-ACPI:Event
username : root
user name : root
Status : sleeping
CPU Usage : 0.00 
RAM Usage : 0.00 
--------------------------------------------------
{'username': 'root', 'pid': 128, 'name': 'irq/35-ACPI:Event', 'status': 'sleeping', 'cpu_percent': 0.0, 'memory_percent': 0.0} 
pId : 128
Name : irq/35-ACPI:Event
username : root
user name : root
Status : sleeping
CPU Usage : 0.00 
RAM Usage : 0.00 
--------------------------------------------------
{'username': 'root', 'pid': 390, 'name': 'irq/55-ELAN1301:00', 'status': 'sleeping', 'cpu_percent': 0.0, 'memory_percent': 0.0} 
pId : 390
Name : irq/55-ELAN1301:00
username : root
user name : root
Status : sleeping
CPU Usage : 0.00 
RAM Usage : 0.00 
--------------------------------------------------
{'username': 'root', 'pid': 398, 'name': 'kworker/R-nvme-wq', 'status': 'idle', 'cpu_percent': 0.0, 'memory_percent': 0.0} 
pId : 398
Name : kworker/R-nvme-wq
username : root
user name : root
Status : idle
CPU Usage : 0.00 
RAM Usage : 0.00 
--------------------------------------------------
{'username': 'root', 'pid': 399, 'name': 'kworker/R-nvme-reset-wq', 'status': 'idle', 'cpu_percent': 0.0, 'memory_percent': 0.0} 
pId : 399
Name : kworker/R-nvme-reset-wq
username : root
user name : root
Status : idle
CPU Usage : 0.00 
RAM Usage : 0.00 
--------------------------------------------------
{'username': 'root', 'pid': 400, 'name': 'kworker/R-nvme-delete-wq', 'status': 'idle', 'cpu_percent': 0.0, 'memory_percent': 0.0} 
pId : 400
Name : kworker/R-nvme-delete-wq
username : root
user name : root
Status : idle
CPU Usage : 0.00 
RAM Usage : 0.00 
--------------------------------------------------
{'username': 'root', 'pid': 401, 'name': 'kworker/R-nvme-auth-wq', 'status': 'idle', 'cpu_percent': 0.0, 'memory_percent': 0.0} 
pId : 401
Name : kworker/R-nvme-auth-wq
username : root
user name : root
Status : idle
CPU Usage : 0.00 
RAM Usage : 0.00 
--------------------------------------------------
{'username': 'root', 'pid': 427, 'name': 'kworker/5:1H-kblockd', 'status': 'idle', 'cpu_percent': 0.0, 'memory_percent': 0.0} 
pId : 427
Name : kworker/5:1H-kblockd
username : root
user name : root
Status : idle
CPU Usage : 0.00 
RAM Usage : 0.00 
--------------------------------------------------
{'username': 'root', 'pid': 435, 'name': 'jbd2/nvme0n1p6-8', 'status': 'sleeping', 'cpu_percent': 0.0, 'memory_percent': 0.0} 
pId : 435
Name : jbd2/nvme0n1p6-8
username : root
user name : root
Status : sleeping
CPU Usage : 0.00 
RAM Usage : 0.00 
--------------------------------------------------
{'username': 'root', 'pid': 436, 'name': 'kworker/R-ext4-rsv-conversion', 'status': 'idle', 'cpu_percent': 0.0, 'memory_percent': 0.0} 
pId : 436
Name : kworker/R-ext4-rsv-conversion
username : root
user name : root
Status : idle
CPU Usage : 0.00 
RAM Usage : 0.00 
--------------------------------------------------
{'username': 'root', 'pid': 463, 'name': 'kworker/4:1H-kblockd', 'status': 'idle', 'cpu_percent': 0.0, 'memory_percent': 0.0} 
pId : 463
Name : kworker/4:1H-kblockd
username : root
user name : root
Status : idle
CPU Usage : 0.00 
RAM Usage : 0.00 
--------------------------------------------------
{'username': 'root', 'pid': 615, 'name': 'kworker/2:1H-kblockd', 'status': 'idle', 'cpu_percent': 0.0, 'memory_percent': 0.0} 
pId : 615
Name : kworker/2:1H-kblockd
username : root
user name : root
Status : idle
CPU Usage : 0.00 
RAM Usage : 0.00 
--------------------------------------------------
{'username': 'root', 'pid': 654, 'name': 'systemd-journald', 'status': 'sleeping', 'cpu_percent': 0.0, 'memory_percent': 0.490467666374606} 
pId : 654
Name : systemd-journald
username : root
user name : root
Status : sleeping
CPU Usage : 0.00 
RAM Usage : 0.49 
--------------------------------------------------
{'username': 'root', 'pid': 696, 'name': 'kworker/3:1H-kblockd', 'status': 'idle', 'cpu_percent': 0.0, 'memory_percent': 0.0} 
pId : 696
Name : kworker/3:1H-kblockd
username : root
user name : root
Status : idle
CPU Usage : 0.00 
RAM Usage : 0.00 
--------------------------------------------------
{'username': 'root', 'pid': 699, 'name': 'kworker/0:1H-kblockd', 'status': 'idle', 'cpu_percent': 0.0, 'memory_percent': 0.0} 
pId : 699
Name : kworker/0:1H-kblockd
username : root
user name : root
Status : idle
CPU Usage : 0.00 
RAM Usage : 0.00 
--------------------------------------------------
{'username': 'systemd-oom', 'pid': 702, 'name': 'systemd-oomd', 'status': 'sleeping', 'cpu_percent': 0.0, 'memory_percent': 0.06774131271925968} 
pId : 702
Name : systemd-oomd
username : systemd-oom
user name : systemd-oom
Status : sleeping
CPU Usage : 0.00 
RAM Usage : 0.07 
--------------------------------------------------
{'username': 'systemd-resolve', 'pid': 706, 'name': 'systemd-resolved', 'status': 'sleeping', 'cpu_percent': 0.0, 'memory_percent': 0.10264008343719193} 
pId : 706
Name : systemd-resolved
username : systemd-resolve
user name : systemd-resolve
Status : sleeping
CPU Usage : 0.00 
RAM Usage : 0.10 
--------------------------------------------------
{'username': 'root', 'pid': 708, 'name': 'systemd-udevd', 'status': 'sleeping', 'cpu_percent': 0.0, 'memory_percent': 0.0999555626127356} 
pId : 708
Name : systemd-udevd
username : root
user name : root
Status : sleeping
CPU Usage : 0.00 
RAM Usage : 0.10 
--------------------------------------------------
{'username': 'root', 'pid': 711, 'name': 'psimon', 'status': 'sleeping', 'cpu_percent': 0.0, 'memory_percent': 0.0} 
pId : 711
Name : psimon
username : root
user name : root
Status : sleeping
CPU Usage : 0.00 
RAM Usage : 0.00 
--------------------------------------------------
{'username': 'root', 'pid': 798, 'name': 'kworker/R-cfg80211', 'status': 'idle', 'cpu_percent': 0.0, 'memory_percent': 0.0} 
pId : 798
Name : kworker/R-cfg80211
username : root
user name : root
Status : idle
CPU Usage : 0.00 
RAM Usage : 0.00 
--------------------------------------------------
{'username': 'root', 'pid': 860, 'name': 'irq/68-iwlwifi:default_queue', 'status': 'sleeping', 'cpu_percent': 0.0, 'memory_percent': 0.0} 
pId : 860
Name : irq/68-iwlwifi:default_queue
username : root
user name : root
Status : sleeping
CPU Usage : 0.00 
RAM Usage : 0.00 
--------------------------------------------------
{'username': 'root', 'pid': 861, 'name': 'irq/69-iwlwifi:queue_1', 'status': 'sleeping', 'cpu_percent': 0.0, 'memory_percent': 0.0} 
pId : 861
Name : irq/69-iwlwifi:queue_1
username : root
user name : root
Status : sleeping
CPU Usage : 0.00 
RAM Usage : 0.00 
--------------------------------------------------
{'username': 'root', 'pid': 862, 'name': 'irq/70-iwlwifi:queue_2', 'status': 'sleeping', 'cpu_percent': 0.0, 'memory_percent': 0.0} 
pId : 862
Name : irq/70-iwlwifi:queue_2
username : root
user name : root
Status : sleeping
CPU Usage : 0.00 
RAM Usage : 0.00 
--------------------------------------------------
{'username': 'root', 'pid': 863, 'name': 'irq/71-iwlwifi:queue_3', 'status': 'sleeping', 'cpu_percent': 0.0, 'memory_percent': 0.0} 
pId : 863
Name : irq/71-iwlwifi:queue_3
username : root
user name : root
Status : sleeping
CPU Usage : 0.00 
RAM Usage : 0.00 
--------------------------------------------------
{'username': 'root', 'pid': 864, 'name': 'irq/72-iwlwifi:queue_4', 'status': 'sleeping', 'cpu_percent': 0.0, 'memory_percent': 0.0} 
pId : 864
Name : irq/72-iwlwifi:queue_4
username : root
user name : root
Status : sleeping
CPU Usage : 0.00 
RAM Usage : 0.00 
--------------------------------------------------
{'username': 'root', 'pid': 865, 'name': 'irq/73-iwlwifi:queue_5', 'status': 'sleeping', 'cpu_percent': 0.0, 'memory_percent': 0.0} 
pId : 865
Name : irq/73-iwlwifi:queue_5
username : root
user name : root
Status : sleeping
CPU Usage : 0.00 
RAM Usage : 0.00 
--------------------------------------------------
{'username': 'root', 'pid': 866, 'name': 'irq/74-iwlwifi:queue_6', 'status': 'sleeping', 'cpu_percent': 0.0, 'memory_percent': 0.0} 
pId : 866
Name : irq/74-iwlwifi:queue_6
username : root
user name : root
Status : sleeping
CPU Usage : 0.00 
RAM Usage : 0.00 
--------------------------------------------------
{'username': 'root', 'pid': 867, 'name': 'irq/75-iwlwifi:exception', 'status': 'sleeping', 'cpu_percent': 0.0, 'memory_percent': 0.0} 
pId : 867
Name : irq/75-iwlwifi:exception
username : root
user name : root
Status : sleeping
CPU Usage : 0.00 
RAM Usage : 0.00 
--------------------------------------------------
{'username': 'root', 'pid': 883, 'name': 'kworker/u27:1-hci0', 'status': 'idle', 'cpu_percent': 0.0, 'memory_percent': 0.0} 
pId : 883
Name : kworker/u27:1-hci0
username : root
user name : root
Status : idle
CPU Usage : 0.00 
RAM Usage : 0.00 
--------------------------------------------------
{'username': 'root', 'pid': 936, 'name': 'kworker/R-led_workqueue', 'status': 'idle', 'cpu_percent': 0.0, 'memory_percent': 0.0} 
pId : 936
Name : kworker/R-led_workqueue
username : root
user name : root
Status : idle
CPU Usage : 0.00 
RAM Usage : 0.00 
--------------------------------------------------
{'username': 'root', 'pid': 966, 'name': 'kworker/1:1H-kblockd', 'status': 'idle', 'cpu_percent': 0.0, 'memory_percent': 0.0} 
pId : 966
Name : kworker/1:1H-kblockd
username : root
user name : root
Status : idle
CPU Usage : 0.00 
RAM Usage : 0.00 
--------------------------------------------------
{'username': 'root', 'pid': 1295, 'name': 'kworker/R-amdgpu-reset-dev', 'status': 'idle', 'cpu_percent': 0.0, 'memory_percent': 0.0} 
pId : 1295
Name : kworker/R-amdgpu-reset-dev
username : root
user name : root
Status : idle
CPU Usage : 0.00 
RAM Usage : 0.00 
--------------------------------------------------
{'username': 'root', 'pid': 1311, 'name': 'kworker/R-ttm', 'status': 'idle', 'cpu_percent': 0.0, 'memory_percent': 0.0} 
pId : 1311
Name : kworker/R-ttm
username : root
user name : root
Status : idle
CPU Usage : 0.00 
RAM Usage : 0.00 
--------------------------------------------------
{'username': 'root', 'pid': 1321, 'name': 'kworker/R-amdgpu_dm_hpd_rx_offload_wq', 'status': 'idle', 'cpu_percent': 0.0, 'memory_percent': 0.0} 
pId : 1321
Name : kworker/R-amdgpu_dm_hpd_rx_offload_wq
username : root
user name : root
Status : idle
CPU Usage : 0.00 
RAM Usage : 0.00 
--------------------------------------------------
{'username': 'root', 'pid': 1322, 'name': 'kworker/R-amdgpu_dm_hpd_rx_offload_wq', 'status': 'idle', 'cpu_percent': 0.0, 'memory_percent': 0.0} 
pId : 1322
Name : kworker/R-amdgpu_dm_hpd_rx_offload_wq
username : root
user name : root
Status : idle
CPU Usage : 0.00 
RAM Usage : 0.00 
--------------------------------------------------
{'username': 'root', 'pid': 1323, 'name': 'kworker/R-dm_vblank_control_workqueue', 'status': 'idle', 'cpu_percent': 0.0, 'memory_percent': 0.0} 
pId : 1323
Name : kworker/R-dm_vblank_control_workqueue
username : root
user name : root
Status : idle
CPU Usage : 0.00 
RAM Usage : 0.00 
--------------------------------------------------
{'username': 'avahi', 'pid': 1366, 'name': 'avahi-daemon', 'status': 'sleeping', 'cpu_percent': 0.0, 'memory_percent': 0.051063013129020354} 
pId : 1366
Name : avahi-daemon
username : avahi
user name : avahi
Status : sleeping
CPU Usage : 0.00 
RAM Usage : 0.05 
--------------------------------------------------
{'username': 'root', 'pid': 1367, 'name': 'bluetoothd', 'status': 'sleeping', 'cpu_percent': 0.0, 'memory_percent': 0.06117280431899418} 
pId : 1367
Name : bluetoothd
username : root
user name : root
Status : sleeping
CPU Usage : 0.00 
RAM Usage : 0.06 
--------------------------------------------------
{'username': 'root', 'pid': 1368, 'name': 'chronyd-starter', 'status': 'sleeping', 'cpu_percent': 0.0, 'memory_percent': 0.024103569955756812} 
pId : 1368
Name : chronyd-starter
username : root
user name : root
Status : sleeping
CPU Usage : 0.00 
RAM Usage : 0.02 
--------------------------------------------------
{'username': 'messagebus', 'pid': 1370, 'name': 'dbus-daemon', 'status': 'sleeping', 'cpu_percent': 0.0, 'memory_percent': 0.09464363842817307} 
pId : 1370
Name : dbus-daemon
username : messagebus
user name : messagebus
Status : sleeping
CPU Usage : 0.00 
RAM Usage : 0.09 
--------------------------------------------------
{'username': 'root', 'pid': 1383, 'name': 'networkd-dispat', 'status': 'sleeping', 'cpu_percent': 0.0, 'memory_percent': 0.12497301199809456} 
pId : 1383
Name : networkd-dispat
username : root
user name : root
Status : sleeping
CPU Usage : 0.00 
RAM Usage : 0.12 
--------------------------------------------------
{'username': 'polkitd', 'pid': 1387, 'name': 'polkitd', 'status': 'sleeping', 'cpu_percent': 0.0, 'memory_percent': 0.13748173669077404} 
pId : 1387
Name : polkitd
username : polkitd
user name : polkitd
Status : sleeping
CPU Usage : 0.00 
RAM Usage : 0.14 
--------------------------------------------------
{'username': 'root', 'pid': 1395, 'name': 'snapd', 'status': 'sleeping', 'cpu_percent': 0.0, 'memory_percent': 0.3088341297411779} 
pId : 1395
Name : snapd
username : root
user name : root
Status : sleeping
CPU Usage : 0.00 
RAM Usage : 0.31 
--------------------------------------------------
{'username': 'root', 'pid': 1397, 'name': 'accounts-daemon', 'status': 'sleeping', 'cpu_percent': 0.0, 'memory_percent': 0.09110235563846474} 
pId : 1397
Name : accounts-daemon
username : root
user name : root
Status : sleeping
CPU Usage : 0.00 
RAM Usage : 0.09 
--------------------------------------------------
{'username': 'root', 'pid': 1398, 'name': 'switcheroo-control', 'status': 'sleeping', 'cpu_percent': 0.0, 'memory_percent': 0.08910324438621} 
pId : 1398
Name : switcheroo-control
username : root
user name : root
Status : sleeping
CPU Usage : 0.00 
RAM Usage : 0.09 
--------------------------------------------------
{'username': 'root', 'pid': 1402, 'name': 'systemd-logind', 'status': 'sleeping', 'cpu_percent': 0.0, 'memory_percent': 0.09213046999676716} 
pId : 1402
Name : systemd-logind
username : root
user name : root
Status : sleeping
CPU Usage : 0.00 
RAM Usage : 0.09 
--------------------------------------------------
{'username': 'root', 'pid': 1409, 'name': 'udisksd', 'status': 'sleeping', 'cpu_percent': 0.0, 'memory_percent': 0.1382242637273258} 
pId : 1409
Name : udisksd
username : root
user name : root
Status : sleeping
CPU Usage : 0.00 
RAM Usage : 0.14 
--------------------------------------------------
{'username': 'avahi', 'pid': 1436, 'name': 'avahi-daemon', 'status': 'sleeping', 'cpu_percent': 0.0, 'memory_percent': 0.016221359875438233} 
pId : 1436
Name : avahi-daemon
username : avahi
user name : avahi
Status : sleeping
CPU Usage : 0.00 
RAM Usage : 0.02 
--------------------------------------------------
{'username': 'root', 'pid': 1444, 'name': 'card1-crtc0', 'status': 'sleeping', 'cpu_percent': 0.0, 'memory_percent': 0.0} 
pId : 1444
Name : card1-crtc0
username : root
user name : root
Status : sleeping
CPU Usage : 0.00 
RAM Usage : 0.00 
--------------------------------------------------
{'username': 'root', 'pid': 1445, 'name': 'card1-crtc1', 'status': 'sleeping', 'cpu_percent': 0.0, 'memory_percent': 0.0} 
pId : 1445
Name : card1-crtc1
username : root
user name : root
Status : sleeping
CPU Usage : 0.00 
RAM Usage : 0.00 
--------------------------------------------------
{'username': 'root', 'pid': 1446, 'name': 'card1-crtc2', 'status': 'sleeping', 'cpu_percent': 0.0, 'memory_percent': 0.0} 
pId : 1446
Name : card1-crtc2
username : root
user name : root
Status : sleeping
CPU Usage : 0.00 
RAM Usage : 0.00 
--------------------------------------------------
{'username': 'root', 'pid': 1447, 'name': 'card1-crtc3', 'status': 'sleeping', 'cpu_percent': 0.0, 'memory_percent': 0.0} 
pId : 1447
Name : card1-crtc3
username : root
user name : root
Status : sleeping
CPU Usage : 0.00 
RAM Usage : 0.00 
--------------------------------------------------
{'username': 'root', 'pid': 1455, 'name': 'kworker/R-gfx', 'status': 'idle', 'cpu_percent': 0.0, 'memory_percent': 0.0} 
pId : 1455
Name : kworker/R-gfx
username : root
user name : root
Status : idle
CPU Usage : 0.00 
RAM Usage : 0.00 
--------------------------------------------------
{'username': 'root', 'pid': 1456, 'name': 'kworker/R-comp_1.0.0', 'status': 'idle', 'cpu_percent': 0.0, 'memory_percent': 0.0} 
pId : 1456
Name : kworker/R-comp_1.0.0
username : root
user name : root
Status : idle
CPU Usage : 0.00 
RAM Usage : 0.00 
--------------------------------------------------
{'username': 'root', 'pid': 1457, 'name': 'kworker/R-comp_1.1.0', 'status': 'idle', 'cpu_percent': 0.0, 'memory_percent': 0.0} 
pId : 1457
Name : kworker/R-comp_1.1.0
username : root
user name : root
Status : idle
CPU Usage : 0.00 
RAM Usage : 0.00 
--------------------------------------------------
{'username': 'root', 'pid': 1458, 'name': 'kworker/R-comp_1.2.0', 'status': 'idle', 'cpu_percent': 0.0, 'memory_percent': 0.0} 
pId : 1458
Name : kworker/R-comp_1.2.0
username : root
user name : root
Status : idle
CPU Usage : 0.00 
RAM Usage : 0.00 
--------------------------------------------------
{'username': 'root', 'pid': 1459, 'name': 'kworker/R-comp_1.3.0', 'status': 'idle', 'cpu_percent': 0.0, 'memory_percent': 0.0} 
pId : 1459
Name : kworker/R-comp_1.3.0
username : root
user name : root
Status : idle
CPU Usage : 0.00 
RAM Usage : 0.00 
--------------------------------------------------
{'username': 'root', 'pid': 1460, 'name': 'kworker/R-comp_1.0.1', 'status': 'idle', 'cpu_percent': 0.0, 'memory_percent': 0.0} 
pId : 1460
Name : kworker/R-comp_1.0.1
username : root
user name : root
Status : idle
CPU Usage : 0.00 
RAM Usage : 0.00 
--------------------------------------------------
{'username': 'root', 'pid': 1461, 'name': 'kworker/R-comp_1.1.1', 'status': 'idle', 'cpu_percent': 0.0, 'memory_percent': 0.0} 
pId : 1461
Name : kworker/R-comp_1.1.1
username : root
user name : root
Status : idle
CPU Usage : 0.00 
RAM Usage : 0.00 
--------------------------------------------------
{'username': 'root', 'pid': 1462, 'name': 'kworker/R-comp_1.2.1', 'status': 'idle', 'cpu_percent': 0.0, 'memory_percent': 0.0} 
pId : 1462
Name : kworker/R-comp_1.2.1
username : root
user name : root
Status : idle
CPU Usage : 0.00 
RAM Usage : 0.00 
--------------------------------------------------
{'username': 'root', 'pid': 1463, 'name': 'kworker/R-comp_1.3.1', 'status': 'idle', 'cpu_percent': 0.0, 'memory_percent': 0.0} 
pId : 1463
Name : kworker/R-comp_1.3.1
username : root
user name : root
Status : idle
CPU Usage : 0.00 
RAM Usage : 0.00 
--------------------------------------------------
{'username': 'root', 'pid': 1464, 'name': 'kworker/R-sdma0', 'status': 'idle', 'cpu_percent': 0.0, 'memory_percent': 0.0} 
pId : 1464
Name : kworker/R-sdma0
username : root
user name : root
Status : idle
CPU Usage : 0.00 
RAM Usage : 0.00 
--------------------------------------------------
{'username': 'root', 'pid': 1465, 'name': 'kworker/R-vcn_dec', 'status': 'idle', 'cpu_percent': 0.0, 'memory_percent': 0.0} 
pId : 1465
Name : kworker/R-vcn_dec
username : root
user name : root
Status : idle
CPU Usage : 0.00 
RAM Usage : 0.00 
--------------------------------------------------
{'username': 'root', 'pid': 1470, 'name': 'kworker/R-vcn_enc0', 'status': 'idle', 'cpu_percent': 0.0, 'memory_percent': 0.0} 
pId : 1470
Name : kworker/R-vcn_enc0
username : root
user name : root
Status : idle
CPU Usage : 0.00 
RAM Usage : 0.00 
--------------------------------------------------
{'username': 'root', 'pid': 1471, 'name': 'kworker/R-vcn_enc1', 'status': 'idle', 'cpu_percent': 0.0, 'memory_percent': 0.0} 
pId : 1471
Name : kworker/R-vcn_enc1
username : root
user name : root
Status : idle
CPU Usage : 0.00 
RAM Usage : 0.00 
--------------------------------------------------
{'username': 'root', 'pid': 1472, 'name': 'kworker/R-jpeg_dec', 'status': 'idle', 'cpu_percent': 0.0, 'memory_percent': 0.0} 
pId : 1472
Name : kworker/R-jpeg_dec
username : root
user name : root
Status : idle
CPU Usage : 0.00 
RAM Usage : 0.00 
--------------------------------------------------
{'username': 'syslog', 'pid': 1511, 'name': 'rsyslogd', 'status': 'sleeping', 'cpu_percent': 0.0, 'memory_percent': 0.05032048609246861} 
pId : 1511
Name : rsyslogd
username : syslog
user name : syslog
Status : sleeping
CPU Usage : 0.00 
RAM Usage : 0.05 
--------------------------------------------------
{'username': '_chrony', 'pid': 1543, 'name': 'chronyd', 'status': 'sleeping', 'cpu_percent': 0.0, 'memory_percent': 0.06888366200626236} 
pId : 1543
Name : chronyd
username : _chrony
user name : _chrony
Status : sleeping
CPU Usage : 0.00 
RAM Usage : 0.07 
--------------------------------------------------
{'username': '_chrony', 'pid': 1677, 'name': 'chronyd', 'status': 'sleeping', 'cpu_percent': 0.0, 'memory_percent': 0.03484165325358212} 
pId : 1677
Name : chronyd
username : _chrony
user name : _chrony
Status : sleeping
CPU Usage : 0.00 
RAM Usage : 0.03 
--------------------------------------------------
{'username': 'root', 'pid': 1698, 'name': 'NetworkManager', 'status': 'sleeping', 'cpu_percent': 0.0, 'memory_percent': 0.20459475730218224} 
pId : 1698
Name : NetworkManager
username : root
user name : root
Status : sleeping
CPU Usage : 0.00 
RAM Usage : 0.20 
--------------------------------------------------
{'username': 'root', 'pid': 1703, 'name': 'wpa_supplicant', 'status': 'sleeping', 'cpu_percent': 0.0, 'memory_percent': 0.12343084046064093} 
pId : 1703
Name : wpa_supplicant
username : root
user name : root
Status : sleeping
CPU Usage : 0.00 
RAM Usage : 0.12 
--------------------------------------------------
{'username': 'root', 'pid': 1750, 'name': 'ModemManager', 'status': 'sleeping', 'cpu_percent': 0.0, 'memory_percent': 0.11303546194891642} 
pId : 1750
Name : ModemManager
username : root
user name : root
Status : sleeping
CPU Usage : 0.00 
RAM Usage : 0.11 
--------------------------------------------------
{'username': 'root', 'pid': 1793, 'name': 'glances', 'status': 'sleeping', 'cpu_percent': 0.0, 'memory_percent': 0.10126926429278868} 
pId : 1793
Name : glances
username : root
user name : root
Status : sleeping
CPU Usage : 0.00 
RAM Usage : 0.10 
--------------------------------------------------
{'username': 'root', 'pid': 1795, 'name': 'unattended-upgr', 'status': 'sleeping', 'cpu_percent': 0.0, 'memory_percent': 0.1316557553270603} 
pId : 1795
Name : unattended-upgr
username : root
user name : root
Status : sleeping
CPU Usage : 0.00 
RAM Usage : 0.13 
--------------------------------------------------
{'username': 'root', 'pid': 1819, 'name': 'cron', 'status': 'sleeping', 'cpu_percent': 0.0, 'memory_percent': 0.037811761399789125} 
pId : 1819
Name : cron
username : root
user name : root
Status : sleeping
CPU Usage : 0.00 
RAM Usage : 0.04 
--------------------------------------------------
{'username': 'glance', 'pid': 1820, 'name': 'glance-api', 'status': 'sleeping', 'cpu_percent': 0.0, 'memory_percent': 0.12742906296515033} 
pId : 1820
Name : glance-api
username : glance
user name : glance
Status : sleeping
CPU Usage : 0.00 
RAM Usage : 0.13 
--------------------------------------------------
{'username': 'root', 'pid': 1842, 'name': 'gdm3', 'status': 'sleeping', 'cpu_percent': 0.0, 'memory_percent': 0.10955129662355821} 
pId : 1842
Name : gdm3
username : root
user name : root
Status : sleeping
CPU Usage : 0.00 
RAM Usage : 0.11 
--------------------------------------------------
{'username': 'root', 'pid': 1867, 'name': 'psimon', 'status': 'sleeping', 'cpu_percent': 0.0, 'memory_percent': 0.0} 
pId : 1867
Name : psimon
username : root
user name : root
Status : sleeping
CPU Usage : 0.00 
RAM Usage : 0.00 
--------------------------------------------------
{'username': 'rtkit', 'pid': 2000, 'name': 'rtkit-daemon', 'status': 'sleeping', 'cpu_percent': 0.0, 'memory_percent': 0.04175286643994841} 
pId : 2000
Name : rtkit-daemon
username : rtkit
user name : rtkit
Status : sleeping
CPU Usage : 0.00 
RAM Usage : 0.04 
--------------------------------------------------
{'username': 'root', 'pid': 2214, 'name': 'krfcommd', 'status': 'sleeping', 'cpu_percent': 0.0, 'memory_percent': 0.0} 
pId : 2214
Name : krfcommd
username : root
user name : root
Status : sleeping
CPU Usage : 0.00 
RAM Usage : 0.00 
--------------------------------------------------
{'username': 'glance', 'pid': 2250, 'name': 'glance-api', 'status': 'sleeping', 'cpu_percent': 0.0, 'memory_percent': 0.06625625864615615} 
pId : 2250
Name : glance-api
username : glance
user name : glance
Status : sleeping
CPU Usage : 0.00 
RAM Usage : 0.07 
--------------------------------------------------
{'username': 'glance', 'pid': 2251, 'name': 'glance-api', 'status': 'sleeping', 'cpu_percent': 0.0, 'memory_percent': 0.06631337611050629} 
pId : 2251
Name : glance-api
username : glance
user name : glance
Status : sleeping
CPU Usage : 0.00 
RAM Usage : 0.07 
--------------------------------------------------
{'username': 'glance', 'pid': 2252, 'name': 'glance-api', 'status': 'sleeping', 'cpu_percent': 0.0, 'memory_percent': 0.06631337611050629} 
pId : 2252
Name : glance-api
username : glance
user name : glance
Status : sleeping
CPU Usage : 0.00 
RAM Usage : 0.07 
--------------------------------------------------
{'username': 'glance', 'pid': 2253, 'name': 'glance-api', 'status': 'sleeping', 'cpu_percent': 0.0, 'memory_percent': 0.06631337611050629} 
pId : 2253
Name : glance-api
username : glance
user name : glance
Status : sleeping
CPU Usage : 0.00 
RAM Usage : 0.07 
--------------------------------------------------
{'username': 'glance', 'pid': 2254, 'name': 'glance-api', 'status': 'sleeping', 'cpu_percent': 0.0, 'memory_percent': 0.06631337611050629} 
pId : 2254
Name : glance-api
username : glance
user name : glance
Status : sleeping
CPU Usage : 0.00 
RAM Usage : 0.07 
--------------------------------------------------
{'username': 'glance', 'pid': 2255, 'name': 'glance-api', 'status': 'sleeping', 'cpu_percent': 0.0, 'memory_percent': 0.06631337611050629} 
pId : 2255
Name : glance-api
username : glance
user name : glance
Status : sleeping
CPU Usage : 0.00 
RAM Usage : 0.07 
--------------------------------------------------
{'username': 'colord', 'pid': 2258, 'name': 'colord', 'status': 'sleeping', 'cpu_percent': 0.0, 'memory_percent': 0.10366819779549434} 
pId : 2258
Name : colord
username : colord
user name : colord
Status : sleeping
CPU Usage : 0.00 
RAM Usage : 0.10 
--------------------------------------------------
{'username': 'root', 'pid': 2297, 'name': 'upowerd', 'status': 'sleeping', 'cpu_percent': 0.0, 'memory_percent': 0.1410230194804824} 
pId : 2297
Name : upowerd
username : root
user name : root
Status : sleeping
CPU Usage : 0.00 
RAM Usage : 0.14 
--------------------------------------------------
{'username': 'root', 'pid': 2947, 'name': 'power-profiles-daemon', 'status': 'sleeping', 'cpu_percent': 0.0, 'memory_percent': 0.08653295849045396} 
pId : 2947
Name : power-profiles-daemon
username : root
user name : root
Status : sleeping
CPU Usage : 0.00 
RAM Usage : 0.09 
--------------------------------------------------
{'username': 'root', 'pid': 3044, 'name': 'gdm-session-worker', 'status': 'sleeping', 'cpu_percent': 0.0, 'memory_percent': 0.10943706169485794} 
pId : 3044
Name : gdm-session-worker
username : root
user name : root
Status : sleeping
CPU Usage : 0.00 
RAM Usage : 0.11 
--------------------------------------------------
{'username': 'prajwal-pradeep-kadam', 'pid': 3160, 'name': 'systemd', 'status': 'sleeping', 'cpu_percent': 0.0, 'memory_percent': 0.14559241662849318} 
pId : 3160
Name : systemd
username : prajwal-pradeep-kadam
user name : prajwal-pradeep-kadam
Status : sleeping
CPU Usage : 0.00 
RAM Usage : 0.15 
--------------------------------------------------
{'username': 'prajwal-pradeep-kadam', 'pid': 3180, 'name': '(sd-pam)', 'status': 'sleeping', 'cpu_percent': 0.0, 'memory_percent': 0.022904103204403985} 
pId : 3180
Name : (sd-pam)
username : prajwal-pradeep-kadam
user name : prajwal-pradeep-kadam
Status : sleeping
CPU Usage : 0.00 
RAM Usage : 0.02 
--------------------------------------------------
{'username': 'prajwal-pradeep-kadam', 'pid': 3200, 'name': 'dbus-daemon', 'status': 'sleeping', 'cpu_percent': 0.0, 'memory_percent': 0.08533349173910114} 
pId : 3200
Name : dbus-daemon
username : prajwal-pradeep-kadam
user name : prajwal-pradeep-kadam
Status : sleeping
CPU Usage : 0.00 
RAM Usage : 0.09 
--------------------------------------------------
{'username': 'prajwal-pradeep-kadam', 'pid': 3201, 'name': 'pipewire', 'status': 'sleeping', 'cpu_percent': 0.0, 'memory_percent': 0.12411625003284255} 
pId : 3201
Name : pipewire
username : prajwal-pradeep-kadam
user name : prajwal-pradeep-kadam
Status : sleeping
CPU Usage : 0.00 
RAM Usage : 0.12 
--------------------------------------------------
{'username': 'prajwal-pradeep-kadam', 'pid': 3205, 'name': 'gnome-keyring-daemon', 'status': 'sleeping', 'cpu_percent': 0.0, 'memory_percent': 0.09927015304053398} 
pId : 3205
Name : gnome-keyring-daemon
username : prajwal-pradeep-kadam
user name : prajwal-pradeep-kadam
Status : sleeping
CPU Usage : 0.00 
RAM Usage : 0.10 
--------------------------------------------------
{'username': 'prajwal-pradeep-kadam', 'pid': 3215, 'name': 'mpris-proxy', 'status': 'sleeping', 'cpu_percent': 0.0, 'memory_percent': 0.050491838485519004} 
pId : 3215
Name : mpris-proxy
username : prajwal-pradeep-kadam
user name : prajwal-pradeep-kadam
Status : sleeping
CPU Usage : 0.00 
RAM Usage : 0.05 
--------------------------------------------------
{'username': 'prajwal-pradeep-kadam', 'pid': 3219, 'name': 'wireplumber', 'status': 'sleeping', 'cpu_percent': 0.0, 'memory_percent': 0.1868883433536405} 
pId : 3219
Name : wireplumber
username : prajwal-pradeep-kadam
user name : prajwal-pradeep-kadam
Status : sleeping
CPU Usage : 0.00 
RAM Usage : 0.19 
--------------------------------------------------
{'username': 'prajwal-pradeep-kadam', 'pid': 3222, 'name': 'pipewire', 'status': 'sleeping', 'cpu_percent': 0.0, 'memory_percent': 0.04860696216196457} 
pId : 3222
Name : pipewire
username : prajwal-pradeep-kadam
user name : prajwal-pradeep-kadam
Status : sleeping
CPU Usage : 0.00 
RAM Usage : 0.05 
--------------------------------------------------
{'username': 'prajwal-pradeep-kadam', 'pid': 3224, 'name': 'pipewire-pulse', 'status': 'sleeping', 'cpu_percent': 0.0, 'memory_percent': 0.154445623602764} 
pId : 3224
Name : pipewire-pulse
username : prajwal-pradeep-kadam
user name : prajwal-pradeep-kadam
Status : sleeping
CPU Usage : 0.00 
RAM Usage : 0.15 
--------------------------------------------------
{'username': 'prajwal-pradeep-kadam', 'pid': 3301, 'name': 'xdg-document-portal', 'status': 'sleeping', 'cpu_percent': 0.0, 'memory_percent': 0.09190200013936661} 
pId : 3301
Name : xdg-document-portal
username : prajwal-pradeep-kadam
user name : prajwal-pradeep-kadam
Status : sleeping
CPU Usage : 0.00 
RAM Usage : 0.09 
--------------------------------------------------
{'username': 'prajwal-pradeep-kadam', 'pid': 3305, 'name': 'xdg-permission-store', 'status': 'sleeping', 'cpu_percent': 0.0, 'memory_percent': 0.07939327544668713} 
pId : 3305
Name : xdg-permission-store
username : prajwal-pradeep-kadam
user name : prajwal-pradeep-kadam
Status : sleeping
CPU Usage : 0.00 
RAM Usage : 0.08 
--------------------------------------------------
{'username': 'root', 'pid': 3312, 'name': 'fusermount3', 'status': 'sleeping', 'cpu_percent': 0.0, 'memory_percent': 0.026788090780213138} 
pId : 3312
Name : fusermount3
username : root
user name : root
Status : sleeping
CPU Usage : 0.00 
RAM Usage : 0.03 
--------------------------------------------------
{'username': 'prajwal-pradeep-kadam', 'pid': 3339, 'name': 'gdm-wayland-session', 'status': 'sleeping', 'cpu_percent': 0.0, 'memory_percent': 0.07859363094578524} 
pId : 3339
Name : gdm-wayland-session
username : prajwal-pradeep-kadam
user name : prajwal-pradeep-kadam
Status : sleeping
CPU Usage : 0.00 
RAM Usage : 0.08 
--------------------------------------------------
{'username': 'prajwal-pradeep-kadam', 'pid': 3368, 'name': 'gnome-session-init-worker', 'status': 'sleeping', 'cpu_percent': 0.0, 'memory_percent': 0.08224914866419386} 
pId : 3368
Name : gnome-session-init-worker
username : prajwal-pradeep-kadam
user name : prajwal-pradeep-kadam
Status : sleeping
CPU Usage : 0.00 
RAM Usage : 0.08 
--------------------------------------------------
{'username': 'prajwal-pradeep-kadam', 'pid': 3537, 'name': 'gcr-ssh-agent', 'status': 'sleeping', 'cpu_percent': 0.0, 'memory_percent': 0.07379576394037395} 
pId : 3537
Name : gcr-ssh-agent
username : prajwal-pradeep-kadam
user name : prajwal-pradeep-kadam
Status : sleeping
CPU Usage : 0.00 
RAM Usage : 0.07 
--------------------------------------------------
{'username': 'prajwal-pradeep-kadam', 'pid': 3538, 'name': 'gnome-session-ctl', 'status': 'sleeping', 'cpu_percent': 0.0, 'memory_percent': 0.06637049357485643} 
pId : 3538
Name : gnome-session-ctl
username : prajwal-pradeep-kadam
user name : prajwal-pradeep-kadam
Status : sleeping
CPU Usage : 0.00 
RAM Usage : 0.07 
--------------------------------------------------
{'username': 'prajwal-pradeep-kadam', 'pid': 3539, 'name': 'ssh-agent', 'status': 'sleeping', 'cpu_percent': 0.0, 'memory_percent': 0.045979558801858375} 
pId : 3539
Name : ssh-agent
username : prajwal-pradeep-kadam
user name : prajwal-pradeep-kadam
Status : sleeping
CPU Usage : 0.00 
RAM Usage : 0.05 
--------------------------------------------------
{'username': 'prajwal-pradeep-kadam', 'pid': 3555, 'name': 'gvfsd', 'status': 'sleeping', 'cpu_percent': 0.0, 'memory_percent': 0.08956018410101109} 
pId : 3555
Name : gvfsd
username : prajwal-pradeep-kadam
user name : prajwal-pradeep-kadam
Status : sleeping
CPU Usage : 0.00 
RAM Usage : 0.09 
--------------------------------------------------
{'username': 'prajwal-pradeep-kadam', 'pid': 3561, 'name': 'gvfsd-fuse', 'status': 'sleeping', 'cpu_percent': 0.0, 'memory_percent': 0.08590466638260248} 
pId : 3561
Name : gvfsd-fuse
username : prajwal-pradeep-kadam
user name : prajwal-pradeep-kadam
Status : sleeping
CPU Usage : 0.00 
RAM Usage : 0.09 
--------------------------------------------------
{'username': 'prajwal-pradeep-kadam', 'pid': 3564, 'name': 'gnome-session-service', 'status': 'sleeping', 'cpu_percent': 0.0, 'memory_percent': 0.11474898587942046} 
pId : 3564
Name : gnome-session-service
username : prajwal-pradeep-kadam
user name : prajwal-pradeep-kadam
Status : sleeping
CPU Usage : 0.00 
RAM Usage : 0.11 
--------------------------------------------------
{'username': 'prajwal-pradeep-kadam', 'pid': 3586, 'name': 'gnome-shell', 'status': 'sleeping', 'cpu_percent': 0.0, 'memory_percent': 2.0795897595240516} 
pId : 3586
Name : gnome-shell
username : prajwal-pradeep-kadam
user name : prajwal-pradeep-kadam
Status : sleeping
CPU Usage : 0.00 
RAM Usage : 2.08 
--------------------------------------------------
{'username': 'prajwal-pradeep-kadam', 'pid': 3657, 'name': 'at-spi-bus-launcher', 'status': 'sleeping', 'cpu_percent': 0.0, 'memory_percent': 0.08327726302249629} 
pId : 3657
Name : at-spi-bus-launcher
username : prajwal-pradeep-kadam
user name : prajwal-pradeep-kadam
Status : sleeping
CPU Usage : 0.00 
RAM Usage : 0.08 
--------------------------------------------------
{'username': 'prajwal-pradeep-kadam', 'pid': 3664, 'name': 'dbus-daemon', 'status': 'sleeping', 'cpu_percent': 0.0, 'memory_percent': 0.05563241027703112} 
pId : 3664
Name : dbus-daemon
username : prajwal-pradeep-kadam
user name : prajwal-pradeep-kadam
Status : sleeping
CPU Usage : 0.00 
RAM Usage : 0.06 
--------------------------------------------------
{'username': 'prajwal-pradeep-kadam', 'pid': 3666, 'name': 'at-spi2-registryd', 'status': 'sleeping', 'cpu_percent': 0.0, 'memory_percent': 0.07905057066058632} 
pId : 3666
Name : at-spi2-registryd
username : prajwal-pradeep-kadam
user name : prajwal-pradeep-kadam
Status : sleeping
CPU Usage : 0.00 
RAM Usage : 0.08 
--------------------------------------------------
{'username': 'prajwal-pradeep-kadam', 'pid': 3684, 'name': 'gnome-shell-calendar-server', 'status': 'sleeping', 'cpu_percent': 0.0, 'memory_percent': 0.12937105675305494} 
pId : 3684
Name : gnome-shell-calendar-server
username : prajwal-pradeep-kadam
user name : prajwal-pradeep-kadam
Status : sleeping
CPU Usage : 0.00 
RAM Usage : 0.13 
--------------------------------------------------
{'username': 'prajwal-pradeep-kadam', 'pid': 3692, 'name': 'evolution-source-registry', 'status': 'sleeping', 'cpu_percent': 0.0, 'memory_percent': 0.13502568572371826} 
pId : 3692
Name : evolution-source-registry
username : prajwal-pradeep-kadam
user name : prajwal-pradeep-kadam
Status : sleeping
CPU Usage : 0.00 
RAM Usage : 0.14 
--------------------------------------------------
{'username': 'prajwal-pradeep-kadam', 'pid': 3702, 'name': 'gjs', 'status': 'sleeping', 'cpu_percent': 0.0, 'memory_percent': 0.2683949649812826} 
pId : 3702
Name : gjs
username : prajwal-pradeep-kadam
user name : prajwal-pradeep-kadam
Status : sleeping
CPU Usage : 0.00 
RAM Usage : 0.27 
--------------------------------------------------
{'username': 'prajwal-pradeep-kadam', 'pid': 3715, 'name': 'ibus-daemon', 'status': 'sleeping', 'cpu_percent': 0.0, 'memory_percent': 0.10018403247013614} 
pId : 3715
Name : ibus-daemon
username : prajwal-pradeep-kadam
user name : prajwal-pradeep-kadam
Status : sleeping
CPU Usage : 0.00 
RAM Usage : 0.10 
--------------------------------------------------
{'username': 'prajwal-pradeep-kadam', 'pid': 3717, 'name': 'gsd-a11y-settings', 'status': 'sleeping', 'cpu_percent': 0.0, 'memory_percent': 0.09361552406987066} 
pId : 3717
Name : gsd-a11y-settings
username : prajwal-pradeep-kadam
user name : prajwal-pradeep-kadam
Status : sleeping
CPU Usage : 0.00 
RAM Usage : 0.09 
--------------------------------------------------
{'username': 'prajwal-pradeep-kadam', 'pid': 3727, 'name': 'gsd-color', 'status': 'sleeping', 'cpu_percent': 0.0, 'memory_percent': 0.10498189947554745} 
pId : 3727
Name : gsd-color
username : prajwal-pradeep-kadam
user name : prajwal-pradeep-kadam
Status : sleeping
CPU Usage : 0.00 
RAM Usage : 0.10 
--------------------------------------------------
{'username': 'prajwal-pradeep-kadam', 'pid': 3733, 'name': 'gsd-datetime', 'status': 'sleeping', 'cpu_percent': 0.0, 'memory_percent': 0.10566730904774907} 
pId : 3733
Name : gsd-datetime
username : prajwal-pradeep-kadam
user name : prajwal-pradeep-kadam
Status : sleeping
CPU Usage : 0.00 
RAM Usage : 0.11 
--------------------------------------------------
{'username': 'prajwal-pradeep-kadam', 'pid': 3735, 'name': 'gsd-housekeeping', 'status': 'sleeping', 'cpu_percent': 0.0, 'memory_percent': 0.10572442651209919} 
pId : 3735
Name : gsd-housekeeping
username : prajwal-pradeep-kadam
user name : prajwal-pradeep-kadam
Status : sleeping
CPU Usage : 0.00 
RAM Usage : 0.11 
--------------------------------------------------
{'username': 'prajwal-pradeep-kadam', 'pid': 3739, 'name': 'gsd-keyboard', 'status': 'sleeping', 'cpu_percent': 0.0, 'memory_percent': 0.08876053960010921} 
pId : 3739
Name : gsd-keyboard
username : prajwal-pradeep-kadam
user name : prajwal-pradeep-kadam
Status : sleeping
CPU Usage : 0.00 
RAM Usage : 0.09 
--------------------------------------------------
{'username': 'prajwal-pradeep-kadam', 'pid': 3741, 'name': 'gsd-media-keys', 'status': 'sleeping', 'cpu_percent': 0.0, 'memory_percent': 0.1395379654073789} 
pId : 3741
Name : gsd-media-keys
username : prajwal-pradeep-kadam
user name : prajwal-pradeep-kadam
Status : sleeping
CPU Usage : 0.00 
RAM Usage : 0.14 
--------------------------------------------------
{'username': 'prajwal-pradeep-kadam', 'pid': 3749, 'name': 'update-notifier', 'status': 'sleeping', 'cpu_percent': 0.0, 'memory_percent': 0.16786822772504567} 
pId : 3749
Name : update-notifier
username : prajwal-pradeep-kadam
user name : prajwal-pradeep-kadam
Status : sleeping
CPU Usage : 0.00 
RAM Usage : 0.17 
--------------------------------------------------
{'username': 'prajwal-pradeep-kadam', 'pid': 3763, 'name': 'evolution-alarm-notify', 'status': 'sleeping', 'cpu_percent': 0.0, 'memory_percent': 0.1593577255368756} 
pId : 3763
Name : evolution-alarm-notify
username : prajwal-pradeep-kadam
user name : prajwal-pradeep-kadam
Status : sleeping
CPU Usage : 0.00 
RAM Usage : 0.16 
--------------------------------------------------
{'username': 'prajwal-pradeep-kadam', 'pid': 3769, 'name': 'gsd-disk-utility-notify', 'status': 'sleeping', 'cpu_percent': 0.0, 'memory_percent': 0.0923589398541677} 
pId : 3769
Name : gsd-disk-utility-notify
username : prajwal-pradeep-kadam
user name : prajwal-pradeep-kadam
Status : sleeping
CPU Usage : 0.00 
RAM Usage : 0.09 
--------------------------------------------------
{'username': 'prajwal-pradeep-kadam', 'pid': 3770, 'name': 'gsd-power', 'status': 'sleeping', 'cpu_percent': 0.0, 'memory_percent': 0.1374246192264239} 
pId : 3770
Name : gsd-power
username : prajwal-pradeep-kadam
user name : prajwal-pradeep-kadam
Status : sleeping
CPU Usage : 0.00 
RAM Usage : 0.14 
--------------------------------------------------
{'username': 'geoclue', 'pid': 3796, 'name': 'geoclue', 'status': 'sleeping', 'cpu_percent': 0.0, 'memory_percent': 0.23104014329629455} 
pId : 3796
Name : geoclue
username : geoclue
user name : geoclue
Status : sleeping
CPU Usage : 0.00 
RAM Usage : 0.23 
--------------------------------------------------
{'username': 'prajwal-pradeep-kadam', 'pid': 3819, 'name': 'gsd-print-notifications', 'status': 'sleeping', 'cpu_percent': 0.0, 'memory_percent': 0.1311416981479091} 
pId : 3819
Name : gsd-print-notifications
username : prajwal-pradeep-kadam
user name : prajwal-pradeep-kadam
Status : sleeping
CPU Usage : 0.00 
RAM Usage : 0.13 
--------------------------------------------------
{'username': 'prajwal-pradeep-kadam', 'pid': 3820, 'name': 'gsd-rfkill', 'status': 'sleeping', 'cpu_percent': 0.0, 'memory_percent': 0.08733260299135584} 
pId : 3820
Name : gsd-rfkill
username : prajwal-pradeep-kadam
user name : prajwal-pradeep-kadam
Status : sleeping
CPU Usage : 0.00 
RAM Usage : 0.09 
--------------------------------------------------
{'username': 'prajwal-pradeep-kadam', 'pid': 3824, 'name': 'gsd-screensaver-proxy', 'status': 'sleeping', 'cpu_percent': 0.0, 'memory_percent': 0.08219203119984372} 
pId : 3824
Name : gsd-screensaver-proxy
username : prajwal-pradeep-kadam
user name : prajwal-pradeep-kadam
Status : sleeping
CPU Usage : 0.00 
RAM Usage : 0.08 
--------------------------------------------------
{'username': 'prajwal-pradeep-kadam', 'pid': 3827, 'name': 'ibus-dconf', 'status': 'sleeping', 'cpu_percent': 0.0, 'memory_percent': 0.08636160609740355} 
pId : 3827
Name : ibus-dconf
username : prajwal-pradeep-kadam
user name : prajwal-pradeep-kadam
Status : sleeping
CPU Usage : 0.00 
RAM Usage : 0.09 
--------------------------------------------------
{'username': 'prajwal-pradeep-kadam', 'pid': 3828, 'name': 'gsd-sharing', 'status': 'sleeping', 'cpu_percent': 0.0, 'memory_percent': 0.12777176775125115} 
pId : 3828
Name : gsd-sharing
username : prajwal-pradeep-kadam
user name : prajwal-pradeep-kadam
Status : sleeping
CPU Usage : 0.00 
RAM Usage : 0.13 
--------------------------------------------------
{'username': 'prajwal-pradeep-kadam', 'pid': 3833, 'name': 'gsd-smartcard', 'status': 'sleeping', 'cpu_percent': 0.0, 'memory_percent': 0.09230182238981756} 
pId : 3833
Name : gsd-smartcard
username : prajwal-pradeep-kadam
user name : prajwal-pradeep-kadam
Status : sleeping
CPU Usage : 0.00 
RAM Usage : 0.09 
--------------------------------------------------
{'username': 'prajwal-pradeep-kadam', 'pid': 3838, 'name': 'gsd-sound', 'status': 'sleeping', 'cpu_percent': 0.0, 'memory_percent': 0.09293011449766904} 
pId : 3838
Name : gsd-sound
username : prajwal-pradeep-kadam
user name : prajwal-pradeep-kadam
Status : sleeping
CPU Usage : 0.00 
RAM Usage : 0.09 
--------------------------------------------------
{'username': 'prajwal-pradeep-kadam', 'pid': 3839, 'name': 'goa-daemon', 'status': 'sleeping', 'cpu_percent': 0.0, 'memory_percent': 0.16432694493533734} 
pId : 3839
Name : goa-daemon
username : prajwal-pradeep-kadam
user name : prajwal-pradeep-kadam
Status : sleeping
CPU Usage : 0.00 
RAM Usage : 0.16 
--------------------------------------------------
{'username': 'prajwal-pradeep-kadam', 'pid': 3842, 'name': 'gsd-usb-protection', 'status': 'sleeping', 'cpu_percent': 0.0, 'memory_percent': 0.09624292742997684} 
pId : 3842
Name : gsd-usb-protection
username : prajwal-pradeep-kadam
user name : prajwal-pradeep-kadam
Status : sleeping
CPU Usage : 0.00 
RAM Usage : 0.10 
--------------------------------------------------
{'username': 'prajwal-pradeep-kadam', 'pid': 3845, 'name': 'gsd-wwan', 'status': 'sleeping', 'cpu_percent': 0.0, 'memory_percent': 0.09395822885597147} 
pId : 3845
Name : gsd-wwan
username : prajwal-pradeep-kadam
user name : prajwal-pradeep-kadam
Status : sleeping
CPU Usage : 0.00 
RAM Usage : 0.09 
--------------------------------------------------
{'username': 'prajwal-pradeep-kadam', 'pid': 3850, 'name': 'ibus-extension-gtk3', 'status': 'sleeping', 'cpu_percent': 0.0, 'memory_percent': 0.12531571678419537} 
pId : 3850
Name : ibus-extension-gtk3
username : prajwal-pradeep-kadam
user name : prajwal-pradeep-kadam
Status : sleeping
CPU Usage : 0.00 
RAM Usage : 0.13 
--------------------------------------------------
{'username': 'prajwal-pradeep-kadam', 'pid': 3859, 'name': 'ibus-portal', 'status': 'sleeping', 'cpu_percent': 0.0, 'memory_percent': 0.08647584102610383} 
pId : 3859
Name : ibus-portal
username : prajwal-pradeep-kadam
user name : prajwal-pradeep-kadam
Status : sleeping
CPU Usage : 0.00 
RAM Usage : 0.09 
--------------------------------------------------
{'username': 'prajwal-pradeep-kadam', 'pid': 3938, 'name': 'localsearch-3', 'status': 'sleeping', 'cpu_percent': 0.0, 'memory_percent': 0.3828583635389524} 
pId : 3938
Name : localsearch-3
username : prajwal-pradeep-kadam
user name : prajwal-pradeep-kadam
Status : sleeping
CPU Usage : 0.00 
RAM Usage : 0.38 
--------------------------------------------------
{'username': 'prajwal-pradeep-kadam', 'pid': 3942, 'name': 'xdg-desktop-portal', 'status': 'sleeping', 'cpu_percent': 0.0, 'memory_percent': 0.20825027502059087} 
pId : 3942
Name : xdg-desktop-portal
username : prajwal-pradeep-kadam
user name : prajwal-pradeep-kadam
Status : sleeping
CPU Usage : 0.00 
RAM Usage : 0.21 
--------------------------------------------------
{'username': 'prajwal-pradeep-kadam', 'pid': 3948, 'name': 'gjs', 'status': 'sleeping', 'cpu_percent': 0.0, 'memory_percent': 0.2354381880512549} 
pId : 3948
Name : gjs
username : prajwal-pradeep-kadam
user name : prajwal-pradeep-kadam
Status : sleeping
CPU Usage : 0.00 
RAM Usage : 0.24 
--------------------------------------------------
{'username': 'prajwal-pradeep-kadam', 'pid': 3954, 'name': 'evolution-calendar-factory', 'status': 'sleeping', 'cpu_percent': 0.0, 'memory_percent': 0.14439294987714033} 
pId : 3954
Name : evolution-calendar-factory
username : prajwal-pradeep-kadam
user name : prajwal-pradeep-kadam
Status : sleeping
CPU Usage : 0.00 
RAM Usage : 0.14 
--------------------------------------------------
{'username': 'prajwal-pradeep-kadam', 'pid': 3974, 'name': 'goa-identity-service', 'status': 'sleeping', 'cpu_percent': 0.0, 'memory_percent': 0.09818492121788142} 
pId : 3974
Name : goa-identity-service
username : prajwal-pradeep-kadam
user name : prajwal-pradeep-kadam
Status : sleeping
CPU Usage : 0.00 
RAM Usage : 0.10 
--------------------------------------------------
{'username': 'prajwal-pradeep-kadam', 'pid': 3980, 'name': 'gsd-printer', 'status': 'sleeping', 'cpu_percent': 0.0, 'memory_percent': 0.1197753227422323} 
pId : 3980
Name : gsd-printer
username : prajwal-pradeep-kadam
user name : prajwal-pradeep-kadam
Status : sleeping
CPU Usage : 0.00 
RAM Usage : 0.12 
--------------------------------------------------
{'username': 'prajwal-pradeep-kadam', 'pid': 4003, 'name': 'xdg-desktop-portal-gnome', 'status': 'sleeping', 'cpu_percent': 0.0, 'memory_percent': 0.20687945587618764} 
pId : 4003
Name : xdg-desktop-portal-gnome
username : prajwal-pradeep-kadam
user name : prajwal-pradeep-kadam
Status : sleeping
CPU Usage : 0.00 
RAM Usage : 0.21 
--------------------------------------------------
{'username': 'prajwal-pradeep-kadam', 'pid': 4032, 'name': 'evolution-addressbook-factory', 'status': 'sleeping', 'cpu_percent': 0.0, 'memory_percent': 0.1611854843960799} 
pId : 4032
Name : evolution-addressbook-factory
username : prajwal-pradeep-kadam
user name : prajwal-pradeep-kadam
Status : sleeping
CPU Usage : 0.00 
RAM Usage : 0.16 
--------------------------------------------------
{'username': 'prajwal-pradeep-kadam', 'pid': 4039, 'name': 'gvfs-udisks2-volume-monitor', 'status': 'sleeping', 'cpu_percent': 0.0, 'memory_percent': 0.1230881356745401} 
pId : 4039
Name : gvfs-udisks2-volume-monitor
username : prajwal-pradeep-kadam
user name : prajwal-pradeep-kadam
Status : sleeping
CPU Usage : 0.00 
RAM Usage : 0.12 
--------------------------------------------------
{'username': 'prajwal-pradeep-kadam', 'pid': 4054, 'name': 'gvfs-afc-volume-monitor', 'status': 'sleeping', 'cpu_percent': 0.0, 'memory_percent': 0.10052673725623694} 
pId : 4054
Name : gvfs-afc-volume-monitor
username : prajwal-pradeep-kadam
user name : prajwal-pradeep-kadam
Status : sleeping
CPU Usage : 0.00 
RAM Usage : 0.10 
--------------------------------------------------
{'username': 'prajwal-pradeep-kadam', 'pid': 4063, 'name': 'gvfs-goa-volume-monitor', 'status': 'sleeping', 'cpu_percent': 0.0, 'memory_percent': 0.08253473598594453} 
pId : 4063
Name : gvfs-goa-volume-monitor
username : prajwal-pradeep-kadam
user name : prajwal-pradeep-kadam
Status : sleeping
CPU Usage : 0.00 
RAM Usage : 0.08 
--------------------------------------------------
{'username': 'prajwal-pradeep-kadam', 'pid': 4068, 'name': 'gvfs-gphoto2-volume-monitor', 'status': 'sleeping', 'cpu_percent': 0.0, 'memory_percent': 0.08778954270615692} 
pId : 4068
Name : gvfs-gphoto2-volume-monitor
username : prajwal-pradeep-kadam
user name : prajwal-pradeep-kadam
Status : sleeping
CPU Usage : 0.00 
RAM Usage : 0.09 
--------------------------------------------------
{'username': 'prajwal-pradeep-kadam', 'pid': 4073, 'name': 'gvfs-mtp-volume-monitor', 'status': 'sleeping', 'cpu_percent': 0.0, 'memory_percent': 0.08704701566960517} 
pId : 4073
Name : gvfs-mtp-volume-monitor
username : prajwal-pradeep-kadam
user name : prajwal-pradeep-kadam
Status : sleeping
CPU Usage : 0.00 
RAM Usage : 0.09 
--------------------------------------------------
{'username': 'prajwal-pradeep-kadam', 'pid': 4080, 'name': 'ibus-engine-simple', 'status': 'sleeping', 'cpu_percent': 0.0, 'memory_percent': 0.09275876210461863} 
pId : 4080
Name : ibus-engine-simple
username : prajwal-pradeep-kadam
user name : prajwal-pradeep-kadam
Status : sleeping
CPU Usage : 0.00 
RAM Usage : 0.09 
--------------------------------------------------
{'username': 'prajwal-pradeep-kadam', 'pid': 4134, 'name': 'gvfsd-metadata', 'status': 'sleeping', 'cpu_percent': 0.0, 'memory_percent': 0.08773242524180679} 
pId : 4134
Name : gvfsd-metadata
username : prajwal-pradeep-kadam
user name : prajwal-pradeep-kadam
Status : sleeping
CPU Usage : 0.00 
RAM Usage : 0.09 
--------------------------------------------------
{'username': 'prajwal-pradeep-kadam', 'pid': 4248, 'name': 'dconf-service', 'status': 'sleeping', 'cpu_percent': 0.0, 'memory_percent': 0.08424825991644858} 
pId : 4248
Name : dconf-service
username : prajwal-pradeep-kadam
user name : prajwal-pradeep-kadam
Status : sleeping
CPU Usage : 0.00 
RAM Usage : 0.08 
--------------------------------------------------
{'username': 'prajwal-pradeep-kadam', 'pid': 4304, 'name': 'gvfsd-trash', 'status': 'sleeping', 'cpu_percent': 0.0, 'memory_percent': 0.10966553155225849} 
pId : 4304
Name : gvfsd-trash
username : prajwal-pradeep-kadam
user name : prajwal-pradeep-kadam
Status : sleeping
CPU Usage : 0.00 
RAM Usage : 0.11 
--------------------------------------------------
{'username': 'prajwal-pradeep-kadam', 'pid': 4331, 'name': 'xdg-desktop-portal-gtk', 'status': 'sleeping', 'cpu_percent': 0.0, 'memory_percent': 0.13474009840196757} 
pId : 4331
Name : xdg-desktop-portal-gtk
username : prajwal-pradeep-kadam
user name : prajwal-pradeep-kadam
Status : sleeping
CPU Usage : 0.00 
RAM Usage : 0.13 
--------------------------------------------------
{'username': 'prajwal-pradeep-kadam', 'pid': 4679, 'name': 'user-session-helper', 'status': 'sleeping', 'cpu_percent': 0.0, 'memory_percent': 0.0033128129323078083} 
pId : 4679
Name : user-session-helper
username : prajwal-pradeep-kadam
user name : prajwal-pradeep-kadam
Status : sleeping
CPU Usage : 0.00 
RAM Usage : 0.00 
--------------------------------------------------
{'username': 'prajwal-pradeep-kadam', 'pid': 4752, 'name': 'snapd-desktop-integration', 'status': 'sleeping', 'cpu_percent': 0.0, 'memory_percent': 0.03569841521883414} 
pId : 4752
Name : snapd-desktop-integration
username : prajwal-pradeep-kadam
user name : prajwal-pradeep-kadam
Status : sleeping
CPU Usage : 0.00 
RAM Usage : 0.04 
--------------------------------------------------
{'username': 'prajwal-pradeep-kadam', 'pid': 4793, 'name': 'chrome', 'status': 'sleeping', 'cpu_percent': 0.0, 'memory_percent': 3.6841906855123834} 
pId : 4793
Name : chrome
username : prajwal-pradeep-kadam
user name : prajwal-pradeep-kadam
Status : sleeping
CPU Usage : 0.00 
RAM Usage : 3.68 
--------------------------------------------------
{'username': 'prajwal-pradeep-kadam', 'pid': 4798, 'name': 'cat', 'status': 'sleeping', 'cpu_percent': 0.0, 'memory_percent': 0.03427047861008078} 
pId : 4798
Name : cat
username : prajwal-pradeep-kadam
user name : prajwal-pradeep-kadam
Status : sleeping
CPU Usage : 0.00 
RAM Usage : 0.03 
--------------------------------------------------
{'username': 'prajwal-pradeep-kadam', 'pid': 4799, 'name': 'cat', 'status': 'sleeping', 'cpu_percent': 0.0, 'memory_percent': 0.034384713538781045} 
pId : 4799
Name : cat
username : prajwal-pradeep-kadam
user name : prajwal-pradeep-kadam
Status : sleeping
CPU Usage : 0.00 
RAM Usage : 0.03 
--------------------------------------------------
{'username': 'prajwal-pradeep-kadam', 'pid': 4801, 'name': 'chrome_crashpad_handler', 'status': 'sleeping', 'cpu_percent': 0.0, 'memory_percent': 0.03586976761188454} 
pId : 4801
Name : chrome_crashpad_handler
username : prajwal-pradeep-kadam
user name : prajwal-pradeep-kadam
Status : sleeping
CPU Usage : 0.00 
RAM Usage : 0.04 
--------------------------------------------------
{'username': 'prajwal-pradeep-kadam', 'pid': 4803, 'name': 'chrome_crashpad_handler', 'status': 'sleeping', 'cpu_percent': 0.0, 'memory_percent': 0.02998666878382068} 
pId : 4803
Name : chrome_crashpad_handler
username : prajwal-pradeep-kadam
user name : prajwal-pradeep-kadam
Status : sleeping
CPU Usage : 0.00 
RAM Usage : 0.03 
--------------------------------------------------
{'username': 'prajwal-pradeep-kadam', 'pid': 4816, 'name': 'chrome', 'status': 'sleeping', 'cpu_percent': 0.0, 'memory_percent': 0.18614581631708874} 
pId : 4816
Name : chrome
username : prajwal-pradeep-kadam
user name : prajwal-pradeep-kadam
Status : sleeping
CPU Usage : 0.00 
RAM Usage : 0.19 
--------------------------------------------------
{'username': 'prajwal-pradeep-kadam', 'pid': 4817, 'name': 'chrome', 'status': 'sleeping', 'cpu_percent': 0.0, 'memory_percent': 0.21287678963295176} 
pId : 4817
Name : chrome
username : prajwal-pradeep-kadam
user name : prajwal-pradeep-kadam
Status : sleeping
CPU Usage : 0.00 
RAM Usage : 0.21 
--------------------------------------------------
{'username': 'prajwal-pradeep-kadam', 'pid': 4819, 'name': 'chrome', 'status': 'sleeping', 'cpu_percent': 0.0, 'memory_percent': 0.06562796653830469} 
pId : 4819
Name : chrome
username : prajwal-pradeep-kadam
user name : prajwal-pradeep-kadam
Status : sleeping
CPU Usage : 0.00 
RAM Usage : 0.07 
--------------------------------------------------
{'username': 'prajwal-pradeep-kadam', 'pid': 4851, 'name': 'chrome', 'status': 'sleeping', 'cpu_percent': 0.0, 'memory_percent': 1.1016245349210465} 
pId : 4851
Name : chrome
username : prajwal-pradeep-kadam
user name : prajwal-pradeep-kadam
Status : sleeping
CPU Usage : 0.00 
RAM Usage : 1.10 
--------------------------------------------------
{'username': 'prajwal-pradeep-kadam', 'pid': 4855, 'name': 'chrome', 'status': 'sleeping', 'cpu_percent': 0.0, 'memory_percent': 1.000812210343059} 
pId : 4855
Name : chrome
username : prajwal-pradeep-kadam
user name : prajwal-pradeep-kadam
Status : sleeping
CPU Usage : 0.00 
RAM Usage : 1.00 
--------------------------------------------------
{'username': 'prajwal-pradeep-kadam', 'pid': 4865, 'name': 'chrome', 'status': 'sleeping', 'cpu_percent': 0.0, 'memory_percent': 0.40279235859714935} 
pId : 4865
Name : chrome
username : prajwal-pradeep-kadam
user name : prajwal-pradeep-kadam
Status : sleeping
CPU Usage : 0.00 
RAM Usage : 0.40 
--------------------------------------------------
{'username': 'prajwal-pradeep-kadam', 'pid': 5118, 'name': 'nautilus', 'status': 'sleeping', 'cpu_percent': 0.0, 'memory_percent': 0.9242176906495284} 
pId : 5118
Name : nautilus
username : prajwal-pradeep-kadam
user name : prajwal-pradeep-kadam
Status : sleeping
CPU Usage : 0.00 
RAM Usage : 0.92 
--------------------------------------------------
{'username': 'prajwal-pradeep-kadam', 'pid': 5145, 'name': 'gvfsd-recent', 'status': 'sleeping', 'cpu_percent': 0.0, 'memory_percent': 0.109037239444407} 
pId : 5145
Name : gvfsd-recent
username : prajwal-pradeep-kadam
user name : prajwal-pradeep-kadam
Status : sleeping
CPU Usage : 0.00 
RAM Usage : 0.11 
--------------------------------------------------
{'username': 'prajwal-pradeep-kadam', 'pid': 5146, 'name': 'gvfsd-network', 'status': 'sleeping', 'cpu_percent': 0.0, 'memory_percent': 0.10138349922148895} 
pId : 5146
Name : gvfsd-network
username : prajwal-pradeep-kadam
user name : prajwal-pradeep-kadam
Status : sleeping
CPU Usage : 0.00 
RAM Usage : 0.10 
--------------------------------------------------
{'username': 'prajwal-pradeep-kadam', 'pid': 5156, 'name': 'gvfsd-dnssd', 'status': 'sleeping', 'cpu_percent': 0.0, 'memory_percent': 0.09812780375353129} 
pId : 5156
Name : gvfsd-dnssd
username : prajwal-pradeep-kadam
user name : prajwal-pradeep-kadam
Status : sleeping
CPU Usage : 0.00 
RAM Usage : 0.10 
--------------------------------------------------
{'username': 'prajwal-pradeep-kadam', 'pid': 5162, 'name': 'gvfsd-wsdd', 'status': 'sleeping', 'cpu_percent': 0.0, 'memory_percent': 0.10646695354865093} 
pId : 5162
Name : gvfsd-wsdd
username : prajwal-pradeep-kadam
user name : prajwal-pradeep-kadam
Status : sleeping
CPU Usage : 0.00 
RAM Usage : 0.11 
--------------------------------------------------
{'username': 'prajwal-pradeep-kadam', 'pid': 5167, 'name': 'python3', 'status': 'sleeping', 'cpu_percent': 0.0, 'memory_percent': 0.16209936382568207} 
pId : 5167
Name : python3
username : prajwal-pradeep-kadam
user name : prajwal-pradeep-kadam
Status : sleeping
CPU Usage : 0.00 
RAM Usage : 0.16 
--------------------------------------------------
{'username': 'prajwal-pradeep-kadam', 'pid': 5179, 'name': 'ptyxis', 'status': 'sleeping', 'cpu_percent': 0.0, 'memory_percent': 0.8825790591382802} 
pId : 5179
Name : ptyxis
username : prajwal-pradeep-kadam
user name : prajwal-pradeep-kadam
Status : sleeping
CPU Usage : 0.00 
RAM Usage : 0.88 
--------------------------------------------------
{'username': 'prajwal-pradeep-kadam', 'pid': 5195, 'name': 'ptyxis-agent', 'status': 'sleeping', 'cpu_percent': 0.0, 'memory_percent': 0.08973153649406149} 
pId : 5195
Name : ptyxis-agent
username : prajwal-pradeep-kadam
user name : prajwal-pradeep-kadam
Status : sleeping
CPU Usage : 0.00 
RAM Usage : 0.09 
--------------------------------------------------
{'username': 'prajwal-pradeep-kadam', 'pid': 5344, 'name': 'code', 'status': 'sleeping', 'cpu_percent': 0.0, 'memory_percent': 1.215516758835215} 
pId : 5344
Name : code
username : prajwal-pradeep-kadam
user name : prajwal-pradeep-kadam
Status : sleeping
CPU Usage : 0.00 
RAM Usage : 1.22 
--------------------------------------------------
{'username': 'prajwal-pradeep-kadam', 'pid': 5346, 'name': 'code', 'status': 'sleeping', 'cpu_percent': 0.0, 'memory_percent': 0.049520841591566715} 
pId : 5346
Name : code
username : prajwal-pradeep-kadam
user name : prajwal-pradeep-kadam
Status : sleeping
CPU Usage : 0.00 
RAM Usage : 0.05 
--------------------------------------------------
{'username': 'prajwal-pradeep-kadam', 'pid': 5347, 'name': 'code', 'status': 'sleeping', 'cpu_percent': 0.0, 'memory_percent': 0.06865519214886183} 
pId : 5347
Name : code
username : prajwal-pradeep-kadam
user name : prajwal-pradeep-kadam
Status : sleeping
CPU Usage : 0.00 
RAM Usage : 0.07 
--------------------------------------------------
{'username': 'prajwal-pradeep-kadam', 'pid': 5493, 'name': 'chrome_crashpad_handler', 'status': 'sleeping', 'cpu_percent': 0.0, 'memory_percent': 0.009481499082122348} 
pId : 5493
Name : chrome_crashpad_handler
username : prajwal-pradeep-kadam
user name : prajwal-pradeep-kadam
Status : sleeping
CPU Usage : 0.00 
RAM Usage : 0.01 
--------------------------------------------------
{'username': 'prajwal-pradeep-kadam', 'pid': 5496, 'name': 'Xwayland', 'status': 'sleeping', 'cpu_percent': 0.0, 'memory_percent': 0.7283047879285666} 
pId : 5496
Name : Xwayland
username : prajwal-pradeep-kadam
user name : prajwal-pradeep-kadam
Status : sleeping
CPU Usage : 0.00 
RAM Usage : 0.73 
--------------------------------------------------
{'username': 'prajwal-pradeep-kadam', 'pid': 5511, 'name': 'gsd-xsettings', 'status': 'sleeping', 'cpu_percent': 0.0, 'memory_percent': 0.10166908654323963} 
pId : 5511
Name : gsd-xsettings
username : prajwal-pradeep-kadam
user name : prajwal-pradeep-kadam
Status : sleeping
CPU Usage : 0.00 
RAM Usage : 0.10 
--------------------------------------------------
{'username': 'prajwal-pradeep-kadam', 'pid': 5516, 'name': 'mutter-x11-frames', 'status': 'sleeping', 'cpu_percent': 0.0, 'memory_percent': 0.18877321967719496} 
pId : 5516
Name : mutter-x11-frames
username : prajwal-pradeep-kadam
user name : prajwal-pradeep-kadam
Status : sleeping
CPU Usage : 0.00 
RAM Usage : 0.19 
--------------------------------------------------
{'username': 'prajwal-pradeep-kadam', 'pid': 5535, 'name': 'ibus-x11', 'status': 'sleeping', 'cpu_percent': 0.0, 'memory_percent': 0.09812780375353129} 
pId : 5535
Name : ibus-x11
username : prajwal-pradeep-kadam
user name : prajwal-pradeep-kadam
Status : sleeping
CPU Usage : 0.00 
RAM Usage : 0.10 
--------------------------------------------------
{'username': 'prajwal-pradeep-kadam', 'pid': 5567, 'name': 'code', 'status': 'sleeping', 'cpu_percent': 0.0, 'memory_percent': 0.32294214343566113} 
pId : 5567
Name : code
username : prajwal-pradeep-kadam
user name : prajwal-pradeep-kadam
Status : sleeping
CPU Usage : 0.00 
RAM Usage : 0.32 
--------------------------------------------------
{'username': 'prajwal-pradeep-kadam', 'pid': 5672, 'name': 'code', 'status': 'sleeping', 'cpu_percent': 0.0, 'memory_percent': 1.313073387945245} 
pId : 5672
Name : code
username : prajwal-pradeep-kadam
user name : prajwal-pradeep-kadam
Status : sleeping
CPU Usage : 0.00 
RAM Usage : 1.31 
--------------------------------------------------
{'username': 'prajwal-pradeep-kadam', 'pid': 5696, 'name': 'code', 'status': 'sleeping', 'cpu_percent': 0.0, 'memory_percent': 0.6990606461812977} 
pId : 5696
Name : code
username : prajwal-pradeep-kadam
user name : prajwal-pradeep-kadam
Status : sleeping
CPU Usage : 0.00 
RAM Usage : 0.70 
--------------------------------------------------
{'username': 'prajwal-pradeep-kadam', 'pid': 5744, 'name': 'code', 'status': 'sleeping', 'cpu_percent': 0.0, 'memory_percent': 0.2918131253648378} 
pId : 5744
Name : code
username : prajwal-pradeep-kadam
user name : prajwal-pradeep-kadam
Status : sleeping
CPU Usage : 0.00 
RAM Usage : 0.29 
--------------------------------------------------
{'username': 'prajwal-pradeep-kadam', 'pid': 5782, 'name': 'dconf', 'status': 'sleeping', 'cpu_percent': 0.0, 'memory_percent': 0.07476676083432623} 
pId : 5782
Name : dconf
username : prajwal-pradeep-kadam
user name : prajwal-pradeep-kadam
Status : sleeping
CPU Usage : 0.00 
RAM Usage : 0.07 
--------------------------------------------------
{'username': 'prajwal-pradeep-kadam', 'pid': 5873, 'name': 'code', 'status': 'sleeping', 'cpu_percent': 0.0, 'memory_percent': 0.40187847916754726} 
pId : 5873
Name : code
username : prajwal-pradeep-kadam
user name : prajwal-pradeep-kadam
Status : sleeping
CPU Usage : 0.00 
RAM Usage : 0.40 
--------------------------------------------------
{'username': 'prajwal-pradeep-kadam', 'pid': 6276, 'name': 'code', 'status': 'sleeping', 'cpu_percent': 0.0, 'memory_percent': 0.15741573174897103} 
pId : 6276
Name : code
username : prajwal-pradeep-kadam
user name : prajwal-pradeep-kadam
Status : sleeping
CPU Usage : 0.00 
RAM Usage : 0.16 
--------------------------------------------------
{'username': 'prajwal-pradeep-kadam', 'pid': 6408, 'name': 'chrome', 'status': 'sleeping', 'cpu_percent': 0.0, 'memory_percent': 1.581639705319578} 
pId : 6408
Name : chrome
username : prajwal-pradeep-kadam
user name : prajwal-pradeep-kadam
Status : sleeping
CPU Usage : 0.00 
RAM Usage : 1.58 
--------------------------------------------------
{'username': 'uuidd', 'pid': 7205, 'name': 'uuidd', 'status': 'sleeping', 'cpu_percent': 0.0, 'memory_percent': 0.03672652957713657} 
pId : 7205
Name : uuidd
username : uuidd
user name : uuidd
Status : sleeping
CPU Usage : 0.00 
RAM Usage : 0.04 
--------------------------------------------------
{'username': 'prajwal-pradeep-kadam', 'pid': 7675, 'name': 'chrome', 'status': 'sleeping', 'cpu_percent': 0.0, 'memory_percent': 0.385657119292109} 
pId : 7675
Name : chrome
username : prajwal-pradeep-kadam
user name : prajwal-pradeep-kadam
Status : sleeping
CPU Usage : 0.00 
RAM Usage : 0.39 
--------------------------------------------------
{'username': 'prajwal-pradeep-kadam', 'pid': 7751, 'name': 'bash', 'status': 'sleeping', 'cpu_percent': 0.0, 'memory_percent': 0.05751728660058557} 
pId : 7751
Name : bash
username : prajwal-pradeep-kadam
user name : prajwal-pradeep-kadam
Status : sleeping
CPU Usage : 0.00 
RAM Usage : 0.06 
--------------------------------------------------
{'username': 'prajwal-pradeep-kadam', 'pid': 8028, 'name': 'code', 'status': 'sleeping', 'cpu_percent': 0.0, 'memory_percent': 4.091723793650594} 
pId : 8028
Name : code
username : prajwal-pradeep-kadam
user name : prajwal-pradeep-kadam
Status : sleeping
CPU Usage : 0.00 
RAM Usage : 4.09 
--------------------------------------------------
{'username': 'prajwal-pradeep-kadam', 'pid': 8045, 'name': 'code', 'status': 'sleeping', 'cpu_percent': 0.0, 'memory_percent': 0.3694357594166708} 
pId : 8045
Name : code
username : prajwal-pradeep-kadam
user name : prajwal-pradeep-kadam
Status : sleeping
CPU Usage : 0.00 
RAM Usage : 0.37 
--------------------------------------------------
{'username': 'prajwal-pradeep-kadam', 'pid': 8060, 'name': 'code', 'status': 'sleeping', 'cpu_percent': 0.0, 'memory_percent': 1.3716759063684831} 
pId : 8060
Name : code
username : prajwal-pradeep-kadam
user name : prajwal-pradeep-kadam
Status : sleeping
CPU Usage : 0.00 
RAM Usage : 1.37 
--------------------------------------------------
{'username': 'prajwal-pradeep-kadam', 'pid': 8105, 'name': 'code', 'status': 'sleeping', 'cpu_percent': 0.0, 'memory_percent': 5.163647247109571} 
pId : 8105
Name : code
username : prajwal-pradeep-kadam
user name : prajwal-pradeep-kadam
Status : sleeping
CPU Usage : 0.00 
RAM Usage : 5.16 
--------------------------------------------------
{'username': 'prajwal-pradeep-kadam', 'pid': 8769, 'name': 'code', 'status': 'sleeping', 'cpu_percent': 0.0, 'memory_percent': 0.18620293378143887} 
pId : 8769
Name : code
username : prajwal-pradeep-kadam
user name : prajwal-pradeep-kadam
Status : sleeping
CPU Usage : 0.00 
RAM Usage : 0.19 
--------------------------------------------------
{'username': 'prajwal-pradeep-kadam', 'pid': 9845, 'name': 'chrome', 'status': 'sleeping', 'cpu_percent': 0.0, 'memory_percent': 3.560588492658692} 
pId : 9845
Name : chrome
username : prajwal-pradeep-kadam
user name : prajwal-pradeep-kadam
Status : sleeping
CPU Usage : 0.00 
RAM Usage : 3.56 
--------------------------------------------------
{'username': 'prajwal-pradeep-kadam', 'pid': 9859, 'name': 'chrome', 'status': 'sleeping', 'cpu_percent': 0.0, 'memory_percent': 1.9710665772587959} 
pId : 9859
Name : chrome
username : prajwal-pradeep-kadam
user name : prajwal-pradeep-kadam
Status : sleeping
CPU Usage : 0.00 
RAM Usage : 1.97 
--------------------------------------------------
{'username': 'prajwal-pradeep-kadam', 'pid': 9874, 'name': 'chrome', 'status': 'sleeping', 'cpu_percent': 0.0, 'memory_percent': 0.9729960052045433} 
pId : 9874
Name : chrome
username : prajwal-pradeep-kadam
user name : prajwal-pradeep-kadam
Status : sleeping
CPU Usage : 0.00 
RAM Usage : 0.97 
--------------------------------------------------
{'username': 'root', 'pid': 10107, 'name': 'cupsd', 'status': 'sleeping', 'cpu_percent': 0.0, 'memory_percent': 0.11657674473862477} 
pId : 10107
Name : cupsd
username : root
user name : root
Status : sleeping
CPU Usage : 0.00 
RAM Usage : 0.12 
--------------------------------------------------
{'username': 'cups-browsed', 'pid': 10109, 'name': 'cups-browsed', 'status': 'sleeping', 'cpu_percent': 0.0, 'memory_percent': 0.1682680499754966} 
pId : 10109
Name : cups-browsed
username : cups-browsed
user name : cups-browsed
Status : sleeping
CPU Usage : 0.00 
RAM Usage : 0.17 
--------------------------------------------------
{'username': 'root', 'pid': 10231, 'name': 'fwupd', 'status': 'sleeping', 'cpu_percent': 0.0, 'memory_percent': 0.4724185476399635} 
pId : 10231
Name : fwupd
username : root
user name : root
Status : sleeping
CPU Usage : 0.00 
RAM Usage : 0.47 
--------------------------------------------------
{'username': 'root', 'pid': 25394, 'name': 'kworker/u26:2-flush-259:0', 'status': 'idle', 'cpu_percent': 0.0, 'memory_percent': 0.0} 
pId : 25394
Name : kworker/u26:2-flush-259:0
username : root
user name : root
Status : idle
CPU Usage : 0.00 
RAM Usage : 0.00 
--------------------------------------------------
{'username': 'root', 'pid': 25579, 'name': 'kworker/u29:2-ttm', 'status': 'idle', 'cpu_percent': 0.0, 'memory_percent': 0.0} 
pId : 25579
Name : kworker/u29:2-ttm
username : root
user name : root
Status : idle
CPU Usage : 0.00 
RAM Usage : 0.00 
--------------------------------------------------
{'username': 'prajwal-pradeep-kadam', 'pid': 25661, 'name': 'chrome', 'status': 'sleeping', 'cpu_percent': 0.0, 'memory_percent': 1.9017830930020825} 
pId : 25661
Name : chrome
username : prajwal-pradeep-kadam
user name : prajwal-pradeep-kadam
Status : sleeping
CPU Usage : 0.00 
RAM Usage : 1.90 
--------------------------------------------------
{'username': 'prajwal-pradeep-kadam', 'pid': 25768, 'name': 'chrome', 'status': 'sleeping', 'cpu_percent': 0.0, 'memory_percent': 4.6361674638360775} 
pId : 25768
Name : chrome
username : prajwal-pradeep-kadam
user name : prajwal-pradeep-kadam
Status : sleeping
CPU Usage : 0.00 
RAM Usage : 4.64 
--------------------------------------------------
{'username': 'prajwal-pradeep-kadam', 'pid': 25794, 'name': 'chrome', 'status': 'sleeping', 'cpu_percent': 0.0, 'memory_percent': 1.6024875798073772} 
pId : 25794
Name : chrome
username : prajwal-pradeep-kadam
user name : prajwal-pradeep-kadam
Status : sleeping
CPU Usage : 0.00 
RAM Usage : 1.60 
--------------------------------------------------
{'username': 'root', 'pid': 25951, 'name': 'kworker/3:2-events', 'status': 'idle', 'cpu_percent': 0.0, 'memory_percent': 0.0} 
pId : 25951
Name : kworker/3:2-events
username : root
user name : root
Status : idle
CPU Usage : 0.00 
RAM Usage : 0.00 
--------------------------------------------------
{'username': 'root', 'pid': 26172, 'name': 'kworker/u28:0-ttm', 'status': 'idle', 'cpu_percent': 0.0, 'memory_percent': 0.0} 
pId : 26172
Name : kworker/u28:0-ttm
username : root
user name : root
Status : idle
CPU Usage : 0.00 
RAM Usage : 0.00 
--------------------------------------------------
{'username': 'root', 'pid': 26332, 'name': 'kworker/u24:0-sdma0', 'status': 'idle', 'cpu_percent': 0.0, 'memory_percent': 0.0} 
pId : 26332
Name : kworker/u24:0-sdma0
username : root
user name : root
Status : idle
CPU Usage : 0.00 
RAM Usage : 0.00 
--------------------------------------------------
{'username': 'root', 'pid': 26348, 'name': 'kworker/u26:0-events_unbound', 'status': 'idle', 'cpu_percent': 0.0, 'memory_percent': 0.0} 
pId : 26348
Name : kworker/u26:0-events_unbound
username : root
user name : root
Status : idle
CPU Usage : 0.00 
RAM Usage : 0.00 
--------------------------------------------------
{'username': 'root', 'pid': 26465, 'name': 'kworker/u25:10-events_unbound', 'status': 'idle', 'cpu_percent': 0.0, 'memory_percent': 0.0} 
pId : 26465
Name : kworker/u25:10-events_unbound
username : root
user name : root
Status : idle
CPU Usage : 0.00 
RAM Usage : 0.00 
--------------------------------------------------
{'username': 'root', 'pid': 26469, 'name': 'kworker/2:1-events', 'status': 'idle', 'cpu_percent': 0.0, 'memory_percent': 0.0} 
pId : 26469
Name : kworker/2:1-events
username : root
user name : root
Status : idle
CPU Usage : 0.00 
RAM Usage : 0.00 
--------------------------------------------------
{'username': 'root', 'pid': 26483, 'name': 'kworker/u25:27-loop2', 'status': 'idle', 'cpu_percent': 0.0, 'memory_percent': 0.0} 
pId : 26483
Name : kworker/u25:27-loop2
username : root
user name : root
Status : idle
CPU Usage : 0.00 
RAM Usage : 0.00 
--------------------------------------------------
{'username': 'root', 'pid': 26581, 'name': 'kworker/0:0-events', 'status': 'idle', 'cpu_percent': 0.0, 'memory_percent': 0.0} 
pId : 26581
Name : kworker/0:0-events
username : root
user name : root
Status : idle
CPU Usage : 0.00 
RAM Usage : 0.00 
--------------------------------------------------
{'username': 'root', 'pid': 27160, 'name': 'kworker/5:0-mm_percpu_wq', 'status': 'idle', 'cpu_percent': 0.0, 'memory_percent': 0.0} 
pId : 27160
Name : kworker/5:0-mm_percpu_wq
username : root
user name : root
Status : idle
CPU Usage : 0.00 
RAM Usage : 0.00 
--------------------------------------------------
{'username': 'root', 'pid': 27469, 'name': 'kworker/2:2', 'status': 'idle', 'cpu_percent': 0.0, 'memory_percent': 0.0} 
pId : 27469
Name : kworker/2:2
username : root
user name : root
Status : idle
CPU Usage : 0.00 
RAM Usage : 0.00 
--------------------------------------------------
{'username': 'root', 'pid': 27485, 'name': 'kworker/u25:0-events_power_efficient', 'status': 'idle', 'cpu_percent': 0.0, 'memory_percent': 0.0} 
pId : 27485
Name : kworker/u25:0-events_power_efficient
username : root
user name : root
Status : idle
CPU Usage : 0.00 
RAM Usage : 0.00 
--------------------------------------------------
{'username': 'root', 'pid': 27500, 'name': 'kworker/0:2-events', 'status': 'idle', 'cpu_percent': 0.0, 'memory_percent': 0.0} 
pId : 27500
Name : kworker/0:2-events
username : root
user name : root
Status : idle
CPU Usage : 0.00 
RAM Usage : 0.00 
--------------------------------------------------
{'username': 'root', 'pid': 27518, 'name': 'kworker/u24:1-gfx', 'status': 'idle', 'cpu_percent': 0.0, 'memory_percent': 0.0} 
pId : 27518
Name : kworker/u24:1-gfx
username : root
user name : root
Status : idle
CPU Usage : 0.00 
RAM Usage : 0.00 
--------------------------------------------------
{'username': 'prajwal-pradeep-kadam', 'pid': 27562, 'name': 'gjs', 'status': 'sleeping', 'cpu_percent': 0.0, 'memory_percent': 1.1408071154652388} 
pId : 27562
Name : gjs
username : prajwal-pradeep-kadam
user name : prajwal-pradeep-kadam
Status : sleeping
CPU Usage : 0.00 
RAM Usage : 1.14 
--------------------------------------------------
{'username': 'root', 'pid': 27619, 'name': 'kworker/u29:3-ttm', 'status': 'idle', 'cpu_percent': 0.0, 'memory_percent': 0.0} 
pId : 27619
Name : kworker/u29:3-ttm
username : root
user name : root
Status : idle
CPU Usage : 0.00 
RAM Usage : 0.00 
--------------------------------------------------
{'username': 'root', 'pid': 27648, 'name': 'kworker/1:0-mm_percpu_wq', 'status': 'idle', 'cpu_percent': 0.0, 'memory_percent': 0.0} 
pId : 27648
Name : kworker/1:0-mm_percpu_wq
username : root
user name : root
Status : idle
CPU Usage : 0.00 
RAM Usage : 0.00 
--------------------------------------------------
{'username': 'root', 'pid': 27649, 'name': 'kworker/u29:4-ttm', 'status': 'idle', 'cpu_percent': 0.0, 'memory_percent': 0.0} 
pId : 27649
Name : kworker/u29:4-ttm
username : root
user name : root
Status : idle
CPU Usage : 0.00 
RAM Usage : 0.00 
--------------------------------------------------
{'username': 'root', 'pid': 27681, 'name': 'kworker/u28:3-ttm', 'status': 'idle', 'cpu_percent': 0.0, 'memory_percent': 0.0} 
pId : 27681
Name : kworker/u28:3-ttm
username : root
user name : root
Status : idle
CPU Usage : 0.00 
RAM Usage : 0.00 
--------------------------------------------------
{'username': 'root', 'pid': 27774, 'name': 'kworker/u29:6-ttm', 'status': 'idle', 'cpu_percent': 0.0, 'memory_percent': 0.0} 
pId : 27774
Name : kworker/u29:6-ttm
username : root
user name : root
Status : idle
CPU Usage : 0.00 
RAM Usage : 0.00 
--------------------------------------------------
{'username': 'root', 'pid': 27800, 'name': 'kworker/5:2-events', 'status': 'idle', 'cpu_percent': 0.0, 'memory_percent': 0.0} 
pId : 27800
Name : kworker/5:2-events
username : root
user name : root
Status : idle
CPU Usage : 0.00 
RAM Usage : 0.00 
--------------------------------------------------
{'username': 'root', 'pid': 27838, 'name': 'kworker/4:1-events', 'status': 'idle', 'cpu_percent': 0.0, 'memory_percent': 0.0} 
pId : 27838
Name : kworker/4:1-events
username : root
user name : root
Status : idle
CPU Usage : 0.00 
RAM Usage : 0.00 
--------------------------------------------------
{'username': 'root', 'pid': 27843, 'name': 'kworker/1:1-events', 'status': 'idle', 'cpu_percent': 0.0, 'memory_percent': 0.0} 
pId : 27843
Name : kworker/1:1-events
username : root
user name : root
Status : idle
CPU Usage : 0.00 
RAM Usage : 0.00 
--------------------------------------------------
{'username': 'root', 'pid': 27861, 'name': 'kworker/u24:2-sdma0', 'status': 'idle', 'cpu_percent': 0.0, 'memory_percent': 0.0} 
pId : 27861
Name : kworker/u24:2-sdma0
username : root
user name : root
Status : idle
CPU Usage : 0.00 
RAM Usage : 0.00 
--------------------------------------------------
{'username': 'root', 'pid': 27909, 'name': 'kworker/u26:1-events_power_efficient', 'status': 'idle', 'cpu_percent': 0.0, 'memory_percent': 0.0} 
pId : 27909
Name : kworker/u26:1-events_power_efficient
username : root
user name : root
Status : idle
CPU Usage : 0.00 
RAM Usage : 0.00 
--------------------------------------------------
{'username': 'root', 'pid': 27912, 'name': 'kworker/u28:2-ttm', 'status': 'idle', 'cpu_percent': 0.0, 'memory_percent': 0.0} 
pId : 27912
Name : kworker/u28:2-ttm
username : root
user name : root
Status : idle
CPU Usage : 0.00 
RAM Usage : 0.00 
--------------------------------------------------
{'username': 'root', 'pid': 27913, 'name': 'kworker/u28:4-ttm', 'status': 'idle', 'cpu_percent': 0.0, 'memory_percent': 0.0} 
pId : 27913
Name : kworker/u28:4-ttm
username : root
user name : root
Status : idle
CPU Usage : 0.00 
RAM Usage : 0.00 
--------------------------------------------------
{'username': 'prajwal-pradeep-kadam', 'pid': 27931, 'name': 'gnome-text-editor', 'status': 'sleeping', 'cpu_percent': 0.0, 'memory_percent': 2.0091639259803356} 
pId : 27931
Name : gnome-text-editor
username : prajwal-pradeep-kadam
user name : prajwal-pradeep-kadam
Status : sleeping
CPU Usage : 0.00 
RAM Usage : 2.01 
--------------------------------------------------
{'username': 'root', 'pid': 27977, 'name': 'kworker/u25:1', 'status': 'idle', 'cpu_percent': 0.0, 'memory_percent': 0.0} 
pId : 27977
Name : kworker/u25:1
username : root
user name : root
Status : idle
CPU Usage : 0.00 
RAM Usage : 0.00 
--------------------------------------------------
{'username': 'root', 'pid': 28040, 'name': 'kworker/3:1-cgroup_free', 'status': 'idle', 'cpu_percent': 0.0, 'memory_percent': 0.0} 
pId : 28040
Name : kworker/3:1-cgroup_free
username : root
user name : root
Status : idle
CPU Usage : 0.00 
RAM Usage : 0.00 
--------------------------------------------------
{'username': 'root', 'pid': 28056, 'name': 'kworker/4:2-events', 'status': 'idle', 'cpu_percent': 0.0, 'memory_percent': 0.0} 
pId : 28056
Name : kworker/4:2-events
username : root
user name : root
Status : idle
CPU Usage : 0.00 
RAM Usage : 0.00 
--------------------------------------------------
{'username': 'root', 'pid': 28084, 'name': 'kworker/u25:2-events_power_efficient', 'status': 'idle', 'cpu_percent': 0.0, 'memory_percent': 0.0} 
pId : 28084
Name : kworker/u25:2-events_power_efficient
username : root
user name : root
Status : idle
CPU Usage : 0.00 
RAM Usage : 0.00 
--------------------------------------------------
{'username': 'root', 'pid': 28098, 'name': 'kworker/1:2-events', 'status': 'idle', 'cpu_percent': 0.0, 'memory_percent': 0.0} 
pId : 28098
Name : kworker/1:2-events
username : root
user name : root
Status : idle
CPU Usage : 0.00 
RAM Usage : 0.00 
--------------------------------------------------
{'username': 'root', 'pid': 28100, 'name': 'kworker/u29:0', 'status': 'idle', 'cpu_percent': 0.0, 'memory_percent': 0.0} 
pId : 28100
Name : kworker/u29:0
username : root
user name : root
Status : idle
CPU Usage : 0.00 
RAM Usage : 0.00 
--------------------------------------------------
{'username': 'root', 'pid': 28114, 'name': 'kworker/u28:1-rb_allocator', 'status': 'idle', 'cpu_percent': 0.0, 'memory_percent': 0.0} 
pId : 28114
Name : kworker/u28:1-rb_allocator
username : root
user name : root
Status : idle
CPU Usage : 0.00 
RAM Usage : 0.00 
--------------------------------------------------
{'username': 'root', 'pid': 28115, 'name': 'kworker/2:0-memcg', 'status': 'idle', 'cpu_percent': 0.0, 'memory_percent': 0.0} 
pId : 28115
Name : kworker/2:0-memcg
username : root
user name : root
Status : idle
CPU Usage : 0.00 
RAM Usage : 0.00 
--------------------------------------------------
{'username': 'root', 'pid': 28117, 'name': 'kworker/5:1', 'status': 'idle', 'cpu_percent': 0.0, 'memory_percent': 0.0} 
pId : 28117
Name : kworker/5:1
username : root
user name : root
Status : idle
CPU Usage : 0.00 
RAM Usage : 0.00 
--------------------------------------------------
{'username': 'prajwal-pradeep-kadam', 'pid': 28138, 'name': 'chrome', 'status': 'sleeping', 'cpu_percent': 0.0, 'memory_percent': 0.9540901245046487} 
pId : 28138
Name : chrome
username : prajwal-pradeep-kadam
user name : prajwal-pradeep-kadam
Status : sleeping
CPU Usage : 0.00 
RAM Usage : 0.95 
--------------------------------------------------
{'username': 'root', 'pid': 28155, 'name': 'kworker/3:0-mm_percpu_wq', 'status': 'idle', 'cpu_percent': 0.0, 'memory_percent': 0.0} 
pId : 28155
Name : kworker/3:0-mm_percpu_wq
username : root
user name : root
Status : idle
CPU Usage : 0.00 
RAM Usage : 0.00 
--------------------------------------------------
{'username': 'root', 'pid': 28178, 'name': 'kworker/u28:5-ttm', 'status': 'idle', 'cpu_percent': 0.0, 'memory_percent': 0.0} 
pId : 28178
Name : kworker/u28:5-ttm
username : root
user name : root
Status : idle
CPU Usage : 0.00 
RAM Usage : 0.00 
--------------------------------------------------
{'username': 'root', 'pid': 28179, 'name': 'kworker/u28:6-ttm', 'status': 'idle', 'cpu_percent': 0.0, 'memory_percent': 0.0} 
pId : 28179
Name : kworker/u28:6-ttm
username : root
user name : root
Status : idle
CPU Usage : 0.00 
RAM Usage : 0.00 
--------------------------------------------------
{'username': 'root', 'pid': 28180, 'name': 'kworker/u28:7', 'status': 'idle', 'cpu_percent': 0.0, 'memory_percent': 0.0} 
pId : 28180
Name : kworker/u28:7
username : root
user name : root
Status : idle
CPU Usage : 0.00 
RAM Usage : 0.00 
--------------------------------------------------
{'username': 'root', 'pid': 28189, 'name': 'kworker/4:0-events', 'status': 'idle', 'cpu_percent': 0.0, 'memory_percent': 0.0} 
pId : 28189
Name : kworker/4:0-events
username : root
user name : root
Status : idle
CPU Usage : 0.00 
RAM Usage : 0.00 
--------------------------------------------------
{'username': 'prajwal-pradeep-kadam', 'pid': 28190, 'name': 'chrome', 'status': 'sleeping', 'cpu_percent': 0.0, 'memory_percent': 1.5767276033854662} 
pId : 28190
Name : chrome
username : prajwal-pradeep-kadam
user name : prajwal-pradeep-kadam
Status : sleeping
CPU Usage : 0.00 
RAM Usage : 1.58 
--------------------------------------------------
{'username': 'root', 'pid': 28201, 'name': 'kworker/0:1-events_freezable', 'status': 'idle', 'cpu_percent': 0.0, 'memory_percent': 0.0} 
pId : 28201
Name : kworker/0:1-events_freezable
username : root
user name : root
Status : idle
CPU Usage : 0.00 
RAM Usage : 0.00 
--------------------------------------------------
{'username': 'prajwal-pradeep-kadam', 'pid': 28205, 'name': 'python3', 'status': 'running', 'cpu_percent': 0.0, 'memory_percent': 0.2675953204803807} 
pId : 28205
Name : python3
username : prajwal-pradeep-kadam
user name : prajwal-pradeep-kadam
Status : running
CPU Usage : 0.00 
RAM Usage : 0.27 
--------------------------------------------------
--------------------------------------------------
---------------- End Of Log File --------------------
--------------------------------------------------
